-- MySQL dump 10.13  Distrib 5.5.57, for debian-linux-gnu (x86_64)
--
-- Host: 0.0.0.0    Database: c9
-- ------------------------------------------------------
-- Server version	5.5.57-0ubuntu0.14.04.1

/*!40101 SET @OLD_CHARACTER_SET_CLIENT=@@CHARACTER_SET_CLIENT */;
/*!40101 SET @OLD_CHARACTER_SET_RESULTS=@@CHARACTER_SET_RESULTS */;
/*!40101 SET @OLD_COLLATION_CONNECTION=@@COLLATION_CONNECTION */;
/*!40101 SET NAMES utf8 */;
/*!40103 SET @OLD_TIME_ZONE=@@TIME_ZONE */;
/*!40103 SET TIME_ZONE='+00:00' */;
/*!40014 SET @OLD_UNIQUE_CHECKS=@@UNIQUE_CHECKS, UNIQUE_CHECKS=0 */;
/*!40014 SET @OLD_FOREIGN_KEY_CHECKS=@@FOREIGN_KEY_CHECKS, FOREIGN_KEY_CHECKS=0 */;
/*!40101 SET @OLD_SQL_MODE=@@SQL_MODE, SQL_MODE='NO_AUTO_VALUE_ON_ZERO' */;
/*!40111 SET @OLD_SQL_NOTES=@@SQL_NOTES, SQL_NOTES=0 */;

--
-- Table structure for table `categories`
--

DROP TABLE IF EXISTS `categories`;
/*!40101 SET @saved_cs_client     = @@character_set_client */;
/*!40101 SET character_set_client = utf8 */;
CREATE TABLE `categories` (
  `id` int(10) unsigned NOT NULL AUTO_INCREMENT,
  `parent_id` int(10) unsigned DEFAULT NULL,
  `order` int(11) NOT NULL DEFAULT '1',
  `name` varchar(191) COLLATE utf8mb4_unicode_ci NOT NULL,
  `slug` varchar(191) COLLATE utf8mb4_unicode_ci NOT NULL,
  `created_at` timestamp NULL DEFAULT NULL,
  `updated_at` timestamp NULL DEFAULT NULL,
  PRIMARY KEY (`id`),
  UNIQUE KEY `categories_slug_unique` (`slug`),
  KEY `categories_parent_id_foreign` (`parent_id`),
  CONSTRAINT `categories_parent_id_foreign` FOREIGN KEY (`parent_id`) REFERENCES `categories` (`id`) ON DELETE SET NULL ON UPDATE CASCADE
) ENGINE=InnoDB AUTO_INCREMENT=3 DEFAULT CHARSET=utf8mb4 COLLATE=utf8mb4_unicode_ci;
/*!40101 SET character_set_client = @saved_cs_client */;

--
-- Dumping data for table `categories`
--

LOCK TABLES `categories` WRITE;
/*!40000 ALTER TABLE `categories` DISABLE KEYS */;
INSERT INTO `categories` VALUES (1,NULL,1,'Category 1','category-1','2017-10-07 18:58:04','2017-10-07 18:58:04'),(2,NULL,1,'Category 2','category-2','2017-10-07 18:58:04','2017-10-07 18:58:04');
/*!40000 ALTER TABLE `categories` ENABLE KEYS */;
UNLOCK TABLES;

--
-- Table structure for table `commands`
--

DROP TABLE IF EXISTS `commands`;
/*!40101 SET @saved_cs_client     = @@character_set_client */;
/*!40101 SET character_set_client = utf8 */;
CREATE TABLE `commands` (
  `id` int(10) unsigned NOT NULL AUTO_INCREMENT,
  `title` text COLLATE utf8_unicode_ci,
  `photo` text COLLATE utf8_unicode_ci,
  `created_at` timestamp NULL DEFAULT NULL,
  `updated_at` timestamp NULL DEFAULT NULL,
  PRIMARY KEY (`id`)
) ENGINE=InnoDB AUTO_INCREMENT=8 DEFAULT CHARSET=utf8 COLLATE=utf8_unicode_ci;
/*!40101 SET character_set_client = @saved_cs_client */;

--
-- Dumping data for table `commands`
--

LOCK TABLES `commands` WRITE;
/*!40000 ALTER TABLE `commands` DISABLE KEYS */;
INSERT INTO `commands` VALUES (1,'<h2 class=\"page_name\" style=\"font-weight: 400; -webkit-font-smoothing: subpixel-antialiased; font-size: 19px; color: #000000; margin: -1px 0px -1px -1px; line-height: 25px; overflow: hidden; text-overflow: ellipsis; padding-left: 1px; font-family: -apple-system, BlinkMacSystemFont, Roboto, \'Open Sans\', \'Helvetica Neue\', sans-serif;\">Ульяна Щукина</h2>\r\n<p>Менеджер, 20 лет</p>','commands/October2017/g9EhvzLGWT81.jpg','2017-10-13 06:11:00','2017-10-23 08:13:20'),(2,'<h2 class=\"page_name\" style=\"font-weight: 400; -webkit-font-smoothing: subpixel-antialiased; font-size: 19px; color: #000000; margin: -1px 0px -1px -1px; line-height: 25px; overflow: hidden; text-overflow: ellipsis; padding-left: 1px; font-family: -apple-system, BlinkMacSystemFont, Roboto, \'Open Sans\', \'Helvetica Neue\', sans-serif;\">Алексей Асекритов</h2>\r\n<p>Видеограф, 32 года</p>','commands/October2017/QtSr7_Gkuyc.jpg','2017-10-13 01:24:00','2017-10-23 08:06:06'),(3,'<h2 class=\"page_name\" style=\"font-weight: 400; -webkit-font-smoothing: subpixel-antialiased; font-size: 19px; color: #000000; margin: -1px 0px -1px -1px; line-height: 25px; overflow: hidden; text-overflow: ellipsis; padding-left: 1px; font-family: -apple-system, BlinkMacSystemFont, Roboto, \'Open Sans\', \'Helvetica Neue\', sans-serif;\">Игорь Стратулат</h2>\r\n<p>Пресс-секретарь, 23 года</p>','commands/October2017/U_ap5zTyoIQ.jpg','2017-10-13 06:12:00','2017-10-23 08:13:03'),(4,'<h2 class=\"page_name\" style=\"font-weight: 400; -webkit-font-smoothing: subpixel-antialiased; font-size: 19px; color: #000000; margin: -1px 0px -1px -1px; line-height: 25px; overflow: hidden; text-overflow: ellipsis; padding-left: 1px; font-family: -apple-system, BlinkMacSystemFont, Roboto, \'Open Sans\', \'Helvetica Neue\', sans-serif;\">Том Грин</h2>\r\n<p>Маркетолог, фотограф, 29 лет</p>','commands/October2017/5S4euPatCEI.jpg','2017-10-13 01:28:00','2017-10-13 06:08:10'),(5,'<h2 class=\"page_name\" style=\"font-weight: 400; -webkit-font-smoothing: subpixel-antialiased; font-size: 19px; color: #000000; margin: -1px 0px -1px -1px; line-height: 25px; overflow: hidden; text-overflow: ellipsis; padding-left: 1px; font-family: -apple-system, BlinkMacSystemFont, Roboto, \'Open Sans\', \'Helvetica Neue\', sans-serif;\">Слава Барыкин</h2>\r\n<p>Юрист, 24 года</p>','commands/October2017/8aWSUaBAfGg.jpg','2017-10-13 06:08:54','2017-10-13 06:08:54'),(6,'<h2 class=\"page_name\" style=\"font-weight: 400; -webkit-font-smoothing: subpixel-antialiased; font-size: 19px; color: #000000; margin: -1px 0px -1px -1px; line-height: 25px; overflow: hidden; text-overflow: ellipsis; padding-left: 1px; font-family: -apple-system, BlinkMacSystemFont, Roboto, \'Open Sans\', \'Helvetica Neue\', sans-serif;\">Кирилл Щукин</h2>\r\n<p>Программист, организатор, 14 лет</p>','commands/October2017/E3nm532uCmU.jpg','2017-10-13 06:11:00','2017-10-23 08:12:35'),(7,'<h2 class=\"page_name\" style=\"font-weight: 400; -webkit-font-smoothing: subpixel-antialiased; font-size: 19px; color: #000000; margin: -1px 0px -1px -1px; line-height: 25px; overflow: hidden; text-overflow: ellipsis; padding-left: 1px; font-family: -apple-system, BlinkMacSystemFont, Roboto, \'Open Sans\', \'Helvetica Neue\', sans-serif;\">Олег Погожев</h2>\r\n<p>СЕО, идеолог проекта 35 лет</p>','commands/October2017/yYuoijqao74.jpg','2017-10-13 06:13:08','2017-10-13 06:13:08');
/*!40000 ALTER TABLE `commands` ENABLE KEYS */;
UNLOCK TABLES;

--
-- Table structure for table `data_rows`
--

DROP TABLE IF EXISTS `data_rows`;
/*!40101 SET @saved_cs_client     = @@character_set_client */;
/*!40101 SET character_set_client = utf8 */;
CREATE TABLE `data_rows` (
  `id` int(10) unsigned NOT NULL AUTO_INCREMENT,
  `data_type_id` int(10) unsigned NOT NULL,
  `field` varchar(191) COLLATE utf8mb4_unicode_ci NOT NULL,
  `type` varchar(191) COLLATE utf8mb4_unicode_ci NOT NULL,
  `display_name` varchar(191) COLLATE utf8mb4_unicode_ci NOT NULL,
  `required` tinyint(1) NOT NULL DEFAULT '0',
  `browse` tinyint(1) NOT NULL DEFAULT '1',
  `read` tinyint(1) NOT NULL DEFAULT '1',
  `edit` tinyint(1) NOT NULL DEFAULT '1',
  `add` tinyint(1) NOT NULL DEFAULT '1',
  `delete` tinyint(1) NOT NULL DEFAULT '1',
  `details` text COLLATE utf8mb4_unicode_ci,
  `order` int(11) NOT NULL DEFAULT '1',
  PRIMARY KEY (`id`),
  KEY `data_rows_data_type_id_foreign` (`data_type_id`),
  CONSTRAINT `data_rows_data_type_id_foreign` FOREIGN KEY (`data_type_id`) REFERENCES `data_types` (`id`) ON DELETE CASCADE ON UPDATE CASCADE
) ENGINE=InnoDB AUTO_INCREMENT=143 DEFAULT CHARSET=utf8mb4 COLLATE=utf8mb4_unicode_ci;
/*!40101 SET character_set_client = @saved_cs_client */;

--
-- Dumping data for table `data_rows`
--

LOCK TABLES `data_rows` WRITE;
/*!40000 ALTER TABLE `data_rows` DISABLE KEYS */;
INSERT INTO `data_rows` VALUES (1,1,'id','number','ID',1,0,0,0,0,0,'',1),(2,1,'author_id','text','Author',1,0,1,1,0,1,'',2),(3,1,'category_id','text','Category',1,0,1,1,1,0,'',3),(4,1,'title','text','Title',1,1,1,1,1,1,'',4),(5,1,'excerpt','text_area','excerpt',1,0,1,1,1,1,'',5),(6,1,'body','rich_text_box','Body',1,0,1,1,1,1,'',6),(7,1,'image','image','Post Image',0,1,1,1,1,1,'{\"resize\":{\"width\":\"1000\",\"height\":\"null\"},\"quality\":\"70%\",\"upsize\":true,\"thumbnails\":[{\"name\":\"medium\",\"scale\":\"50%\"},{\"name\":\"small\",\"scale\":\"25%\"},{\"name\":\"cropped\",\"crop\":{\"width\":\"300\",\"height\":\"250\"}}]}',7),(8,1,'slug','text','slug',1,0,1,1,1,1,'{\"slugify\":{\"origin\":\"title\",\"forceUpdate\":true}}',8),(9,1,'meta_description','text_area','meta_description',1,0,1,1,1,1,'',9),(10,1,'meta_keywords','text_area','meta_keywords',1,0,1,1,1,1,'',10),(11,1,'status','select_dropdown','status',1,1,1,1,1,1,'{\"default\":\"DRAFT\",\"options\":{\"PUBLISHED\":\"published\",\"DRAFT\":\"draft\",\"PENDING\":\"pending\"}}',11),(12,1,'created_at','timestamp','created_at',0,1,1,0,0,0,'',12),(13,1,'updated_at','timestamp','updated_at',0,0,0,0,0,0,'',13),(14,2,'id','number','id',1,0,0,0,0,0,'',1),(15,2,'author_id','text','author_id',1,0,0,0,0,0,'',2),(16,2,'title','text','title',1,1,1,1,1,1,'',3),(17,2,'excerpt','text_area','excerpt',1,0,1,1,1,1,'',4),(18,2,'body','rich_text_box','body',1,0,1,1,1,1,'',5),(19,2,'slug','text','slug',1,0,1,1,1,1,'{\"slugify\":{\"origin\":\"title\"}}',6),(20,2,'meta_description','text','meta_description',1,0,1,1,1,1,'',7),(21,2,'meta_keywords','text','meta_keywords',1,0,1,1,1,1,'',8),(22,2,'status','select_dropdown','status',1,1,1,1,1,1,'{\"default\":\"INACTIVE\",\"options\":{\"INACTIVE\":\"INACTIVE\",\"ACTIVE\":\"ACTIVE\"}}',9),(23,2,'created_at','timestamp','created_at',1,1,1,0,0,0,'',10),(24,2,'updated_at','timestamp','updated_at',1,0,0,0,0,0,'',11),(25,2,'image','image','image',0,1,1,1,1,1,'',12),(26,3,'id','number','id',1,0,0,0,0,0,'',1),(27,3,'name','text','name',1,1,1,1,1,1,'',2),(28,3,'email','text','email',1,1,1,1,1,1,'',3),(29,3,'password','password','password',0,0,0,1,1,0,'',4),(30,3,'user_belongsto_role_relationship','relationship','Role',0,1,1,1,1,0,'{\"model\":\"TCG\\\\Voyager\\\\Models\\\\Role\",\"table\":\"roles\",\"type\":\"belongsTo\",\"column\":\"role_id\",\"key\":\"id\",\"label\":\"name\",\"pivot_table\":\"roles\",\"pivot\":\"0\"}',10),(31,3,'remember_token','text','remember_token',0,0,0,0,0,0,'',5),(32,3,'created_at','timestamp','created_at',0,1,1,0,0,0,'',6),(33,3,'updated_at','timestamp','updated_at',0,0,0,0,0,0,'',7),(34,3,'avatar','image','avatar',0,1,1,1,1,1,'',8),(35,5,'id','number','id',1,0,0,0,0,0,'',1),(36,5,'name','text','name',1,1,1,1,1,1,'',2),(37,5,'created_at','timestamp','created_at',0,0,0,0,0,0,'',3),(38,5,'updated_at','timestamp','updated_at',0,0,0,0,0,0,'',4),(39,4,'id','number','id',1,0,0,0,0,0,'',1),(40,4,'parent_id','select_dropdown','parent_id',0,0,1,1,1,1,'{\"default\":\"\",\"null\":\"\",\"options\":{\"\":\"-- None --\"},\"relationship\":{\"key\":\"id\",\"label\":\"name\"}}',2),(41,4,'order','text','order',1,1,1,1,1,1,'{\"default\":1}',3),(42,4,'name','text','name',1,1,1,1,1,1,'',4),(43,4,'slug','text','slug',1,1,1,1,1,1,'{\"slugify\":{\"origin\":\"name\"}}',5),(44,4,'created_at','timestamp','created_at',0,0,1,0,0,0,'',6),(45,4,'updated_at','timestamp','updated_at',0,0,0,0,0,0,'',7),(46,6,'id','number','id',1,0,0,0,0,0,'',1),(47,6,'name','text','Name',1,1,1,1,1,1,'',2),(48,6,'created_at','timestamp','created_at',0,0,0,0,0,0,'',3),(49,6,'updated_at','timestamp','updated_at',0,0,0,0,0,0,'',4),(50,6,'display_name','text','Display Name',1,1,1,1,1,1,'',5),(51,1,'seo_title','text','seo_title',0,1,1,1,1,1,'',14),(52,1,'featured','checkbox','featured',1,1,1,1,1,1,'',15),(53,3,'role_id','text','role_id',1,1,1,1,1,1,'',9),(63,9,'id','checkbox','Id',1,0,0,0,0,0,NULL,1),(64,9,'name','text','Name',0,1,1,1,1,1,NULL,2),(65,9,'created_at','timestamp','Created At',0,1,1,1,0,1,NULL,3),(66,9,'updated_at','timestamp','Updated At',0,0,0,0,0,0,NULL,4),(80,12,'id','checkbox','Id',1,0,0,0,0,0,NULL,1),(81,12,'product_id','checkbox','Product Id',0,1,1,1,1,1,NULL,3),(82,12,'filename','image','Filename',0,1,1,1,1,1,'{\"resize\":{\"width\":\"400\",\"height\":\"null\"},\"quality\":\"70%\",\"upsize\":true,\"thumbnails\":[{\"name\":\"\",\"scale\":\"50%\"},{\"name\":\"small\",\"scale\":\"25%\"},{\"name\":\"cropped\",\"crop\":{\"width\":\"1200\",\"height\":\"1000\"}}]}',4),(83,12,'class_add','text','Class Add',0,1,1,1,1,1,NULL,5),(84,12,'created_at','timestamp','Created At',0,1,1,1,0,1,NULL,6),(85,12,'updated_at','timestamp','Updated At',0,0,0,0,0,0,NULL,7),(86,9,'class_add','text','Class Add',0,1,1,1,1,1,NULL,5),(87,12,'fio','text','Fio',0,1,1,1,1,1,NULL,8),(88,12,'opis','text','Opis',0,1,1,1,1,1,NULL,9),(89,12,'stad','text','Stad',0,1,1,1,1,1,NULL,10),(90,12,'concur','text','Concur',0,1,1,1,1,1,NULL,11),(91,12,'potr','text','Potr',0,1,1,1,1,1,NULL,12),(92,12,'preim','text','Preim',0,1,1,1,1,1,NULL,13),(93,12,'sphere','text','Sphere',0,1,1,1,1,1,NULL,14),(94,12,'otl','text','Otl',0,1,1,1,1,1,NULL,15),(95,9,'fio','text','Fio',0,1,1,1,1,1,NULL,6),(96,9,'opis','text','Opis',0,1,1,1,1,1,NULL,7),(97,9,'stad','text','Stad',0,1,1,1,1,1,NULL,8),(98,9,'concur','text','Concur',0,1,1,1,1,1,NULL,9),(99,9,'potr','text','Potr',0,1,1,1,1,1,NULL,10),(100,9,'preim','text','Preim',0,1,1,1,1,1,NULL,11),(101,9,'sphere','text','Sphere',0,1,1,1,1,1,NULL,12),(102,9,'otl','text','Otl',0,1,1,1,1,1,NULL,13),(103,12,'name','text','Name',0,1,1,1,1,1,NULL,2),(104,13,'id','checkbox','Id',1,0,0,0,0,0,NULL,1),(105,13,'title','text','Title',0,1,1,1,1,1,NULL,2),(106,13,'description','text','Description',0,1,1,1,1,1,NULL,3),(107,13,'created_at','timestamp','Created At',0,1,1,1,0,1,NULL,4),(108,13,'updated_at','timestamp','Updated At',0,0,0,0,0,0,NULL,5),(109,14,'id','checkbox','Id',1,0,0,0,0,0,NULL,1),(110,14,'title','text','Title',0,1,1,1,1,1,NULL,2),(111,14,'date','date','Date',0,1,1,1,1,1,NULL,3),(112,14,'body','rich_text_box','Body',0,1,1,1,1,1,NULL,4),(113,14,'img','image','Img',0,1,1,1,1,1,'{\"resize\":{\"width\":\"400\",\"height\":\"null\"},\"quality\":\"70%\",\"upsize\":true,\"thumbnails\":[{\"name\":\"\",\"scale\":\"50%\"},{\"name\":\"small\",\"scale\":\"25%\"},{\"name\":\"cropped\",\"crop\":{\"width\":\"1200\",\"height\":\"1000\"}}]}',5),(114,14,'created_at','timestamp','Created At',0,1,1,1,0,1,NULL,6),(115,14,'updated_at','timestamp','Updated At',0,0,0,0,0,0,NULL,7),(116,15,'id','checkbox','Id',1,0,0,0,0,0,NULL,1),(117,15,'title','rich_text_box','Title',0,1,1,1,1,1,NULL,2),(118,15,'photo','image','Photo',0,1,1,1,1,1,'{\"resize\":{\"width\":\"400\",\"height\":\"null\"},\"quality\":\"70%\",\"upsize\":true,\"thumbnails\":[{\"name\":\"\",\"scale\":\"50%\"},{\"name\":\"small\",\"scale\":\"25%\"},{\"name\":\"cropped\",\"crop\":{\"width\":\"1200\",\"height\":\"1000\"}}]}',3),(119,15,'created_at','timestamp','Created At',0,1,1,1,0,1,NULL,4),(120,15,'updated_at','timestamp','Updated At',0,0,0,0,0,0,NULL,5),(125,17,'id','checkbox','Id',1,0,0,0,0,0,NULL,1),(126,17,'video','rich_text_box','Video',0,1,1,1,1,1,NULL,2),(127,17,'created_at','timestamp','Created At',0,1,1,1,0,1,NULL,3),(128,17,'updated_at','timestamp','Updated At',0,0,0,0,0,0,NULL,4),(129,17,'title','text','Title',0,1,1,1,1,1,NULL,5),(130,17,'name','text','Name',0,1,1,1,1,1,NULL,6),(131,18,'id','checkbox','Id',1,0,0,0,0,0,NULL,1),(132,18,'title','text','Title',0,1,1,1,1,1,NULL,2),(133,18,'photo','rich_text_box','Photo',0,1,1,1,1,1,NULL,3),(134,18,'created_at','timestamp','Created At',0,1,1,1,0,1,NULL,4),(135,18,'updated_at','timestamp','Updated At',0,0,0,0,0,0,NULL,5),(136,19,'id','checkbox','Id',1,0,0,0,0,0,NULL,1),(137,19,'img','image','Img',0,1,1,1,1,1,NULL,2),(138,19,'created_at','timestamp','Created At',0,1,1,1,0,1,NULL,3),(139,19,'updated_at','timestamp','Updated At',0,0,0,0,0,0,NULL,4),(140,19,'href','text','Href',0,1,1,1,1,1,NULL,5),(141,14,'seo_title','text','Seo Title',0,1,1,1,1,1,NULL,8),(142,14,'select','text','Select',0,1,1,1,1,1,'{\"default\":\"СТАТЬЯ\",\"null\":\"СТАТЬЯ\",\"options\":{\"СТАТЬЯ\":\"СТАТЬЯ\",\"НОВОСТЬ\":\"НОВОСТЬ\"}}',9);
/*!40000 ALTER TABLE `data_rows` ENABLE KEYS */;
UNLOCK TABLES;

--
-- Table structure for table `data_types`
--

DROP TABLE IF EXISTS `data_types`;
/*!40101 SET @saved_cs_client     = @@character_set_client */;
/*!40101 SET character_set_client = utf8 */;
CREATE TABLE `data_types` (
  `id` int(10) unsigned NOT NULL AUTO_INCREMENT,
  `name` varchar(191) COLLATE utf8mb4_unicode_ci NOT NULL,
  `slug` varchar(191) COLLATE utf8mb4_unicode_ci NOT NULL,
  `display_name_singular` varchar(191) COLLATE utf8mb4_unicode_ci NOT NULL,
  `display_name_plural` varchar(191) COLLATE utf8mb4_unicode_ci NOT NULL,
  `icon` varchar(191) COLLATE utf8mb4_unicode_ci DEFAULT NULL,
  `model_name` varchar(191) COLLATE utf8mb4_unicode_ci DEFAULT NULL,
  `policy_name` varchar(191) COLLATE utf8mb4_unicode_ci DEFAULT NULL,
  `controller` varchar(191) COLLATE utf8mb4_unicode_ci DEFAULT NULL,
  `description` varchar(191) COLLATE utf8mb4_unicode_ci DEFAULT NULL,
  `generate_permissions` tinyint(1) NOT NULL DEFAULT '0',
  `server_side` tinyint(4) NOT NULL DEFAULT '0',
  `created_at` timestamp NULL DEFAULT NULL,
  `updated_at` timestamp NULL DEFAULT NULL,
  PRIMARY KEY (`id`),
  UNIQUE KEY `data_types_name_unique` (`name`),
  UNIQUE KEY `data_types_slug_unique` (`slug`)
) ENGINE=InnoDB AUTO_INCREMENT=20 DEFAULT CHARSET=utf8mb4 COLLATE=utf8mb4_unicode_ci;
/*!40101 SET character_set_client = @saved_cs_client */;

--
-- Dumping data for table `data_types`
--

LOCK TABLES `data_types` WRITE;
/*!40000 ALTER TABLE `data_types` DISABLE KEYS */;
INSERT INTO `data_types` VALUES (1,'posts','posts','Post','Posts','voyager-news','TCG\\Voyager\\Models\\Post','TCG\\Voyager\\Policies\\PostPolicy','','',1,0,'2017-10-07 18:58:03','2017-10-07 18:58:03'),(2,'pages','pages','Page','Pages','voyager-file-text','TCG\\Voyager\\Models\\Page',NULL,'','',1,0,'2017-10-07 18:58:03','2017-10-07 18:58:03'),(3,'users','users','User','Users','voyager-person','TCG\\Voyager\\Models\\User','TCG\\Voyager\\Policies\\UserPolicy','','',1,0,'2017-10-07 18:58:03','2017-10-07 18:58:03'),(4,'categories','categories','Category','Categories','voyager-categories','TCG\\Voyager\\Models\\Category',NULL,'','',1,0,'2017-10-07 18:58:03','2017-10-07 18:58:03'),(5,'menus','menus','Menu','Menus','voyager-list','TCG\\Voyager\\Models\\Menu',NULL,'','',1,0,'2017-10-07 18:58:03','2017-10-07 18:58:03'),(6,'roles','roles','Role','Roles','voyager-lock','TCG\\Voyager\\Models\\Role',NULL,'','',1,0,'2017-10-07 18:58:03','2017-10-07 18:58:03'),(9,'products','products','Product','Products',NULL,'App\\Product',NULL,NULL,NULL,1,0,'2017-10-07 20:51:21','2017-10-07 20:51:21'),(12,'products_photos','products-photos','Products Photo','Products Photos',NULL,'App\\ProductsPhoto',NULL,NULL,NULL,1,0,'2017-10-07 22:28:15','2017-10-07 22:28:15'),(13,'seos','seos','Seo','Seos',NULL,'App\\Seo',NULL,NULL,NULL,1,0,'2017-10-08 02:55:31','2017-10-08 02:55:31'),(14,'main_news','news','Новости на главной','Новости на главной',NULL,'App\\MainNews',NULL,NULL,NULL,1,0,'2017-10-12 00:38:07','2017-10-12 00:38:07'),(15,'commands','commands','Command','Commands',NULL,'App\\Command',NULL,NULL,NULL,1,0,'2017-10-13 01:10:46','2017-10-13 01:10:46'),(17,'videos','videos','Video','Videos',NULL,'App\\Video',NULL,NULL,NULL,1,0,'2017-10-13 01:50:57','2017-10-13 01:50:57'),(18,'photos','photos','Photo','Photos',NULL,'App\\Photo',NULL,NULL,NULL,1,0,'2017-10-13 02:02:09','2017-10-13 02:02:09'),(19,'invests','invests','Invest','Invests',NULL,'App\\Invest',NULL,NULL,NULL,1,0,'2017-10-13 02:10:47','2017-10-13 02:10:47');
/*!40000 ALTER TABLE `data_types` ENABLE KEYS */;
UNLOCK TABLES;

--
-- Table structure for table `invests`
--

DROP TABLE IF EXISTS `invests`;
/*!40101 SET @saved_cs_client     = @@character_set_client */;
/*!40101 SET character_set_client = utf8 */;
CREATE TABLE `invests` (
  `id` int(10) unsigned NOT NULL AUTO_INCREMENT,
  `img` text COLLATE utf8_unicode_ci,
  `created_at` timestamp NULL DEFAULT NULL,
  `updated_at` timestamp NULL DEFAULT NULL,
  `href` text COLLATE utf8_unicode_ci,
  PRIMARY KEY (`id`)
) ENGINE=InnoDB AUTO_INCREMENT=29 DEFAULT CHARSET=utf8 COLLATE=utf8_unicode_ci;
/*!40101 SET character_set_client = @saved_cs_client */;

--
-- Dumping data for table `invests`
--

LOCK TABLES `invests` WRITE;
/*!40000 ALTER TABLE `invests` DISABLE KEYS */;
INSERT INTO `invests` VALUES (1,'invests/October2017/1.jpg','2017-10-13 02:14:04','2017-10-13 02:14:04','https://vk.com/feed'),(2,'invests/October2017/abrt.jpg','2017-10-13 08:24:08','2017-10-13 08:24:08',NULL),(3,'invests/October2017/Addventure.jpg','2017-10-13 08:24:15','2017-10-13 08:24:15',NULL),(4,'invests/October2017/Almaz-Capital.jpg','2017-10-13 08:24:22','2017-10-13 08:24:22',NULL),(5,'invests/October2017/br.jpg','2017-10-13 08:24:28','2017-10-13 08:24:28',NULL),(6,'invests/October2017/cas.jpg','2017-10-13 08:24:34','2017-10-13 08:24:34',NULL),(7,'invests/October2017/delo.jpg','2017-10-13 08:24:41','2017-10-13 08:24:41',NULL),(8,'invests/October2017/e.ventures.jpg','2017-10-13 08:24:49','2017-10-13 08:24:49',NULL),(9,'invests/October2017/eva.jpg','2017-10-13 08:24:57','2017-10-13 08:24:57',NULL),(10,'invests/October2017/Foresight-Ventures.jpg','2017-10-13 08:25:28','2017-10-13 08:25:28',NULL),(11,'invests/October2017/fpi.jpg','2017-10-13 08:25:37','2017-10-13 08:25:37',NULL),(12,'invests/October2017/Intel-Capital.jpg','2017-10-13 08:25:44','2017-10-13 08:25:44',NULL),(13,'invests/October2017/k.jpg','2017-10-13 08:27:04','2017-10-13 08:27:04',NULL),(14,'invests/October2017/KiteVentures.jpg','2017-10-13 08:27:13','2017-10-13 08:27:13',NULL),(15,'invests/October2017/logo601.png','2017-10-13 08:27:21','2017-10-13 08:27:21',NULL),(16,'invests/October2017/Mangrove.jpg','2017-10-13 08:27:33','2017-10-13 08:27:33',NULL),(17,'invests/October2017/mint.jpg','2017-10-13 08:27:43','2017-10-13 08:27:43',NULL),(18,'invests/October2017/prst.jpg','2017-10-13 08:27:52','2017-10-13 08:27:52',NULL),(19,'invests/October2017/rbk.jpg','2017-10-13 08:28:00','2017-10-13 08:28:00',NULL),(20,'invests/October2017/rr.jpg','2017-10-13 08:28:09','2017-10-13 08:28:09',NULL),(21,'invests/October2017/runacapital.png','2017-10-13 08:28:18','2017-10-13 08:28:18',NULL),(22,'invests/October2017/runet.jpg','2017-10-13 08:28:26','2017-10-13 08:28:26',NULL),(23,'invests/October2017/rusve.jpg','2017-10-13 08:28:34','2017-10-13 08:28:34',NULL),(24,'invests/October2017/softlinevp.jpg','2017-10-13 08:28:44','2017-10-13 08:28:44',NULL),(25,'invests/October2017/tec.jpg','2017-10-13 08:28:52','2017-10-13 08:28:52',NULL),(26,'invests/October2017/Ventech.jpg','2017-10-13 08:29:02','2017-10-13 08:29:02',NULL),(27,'invests/October2017/ventureangels.jpg','2017-10-13 08:29:10','2017-10-13 08:29:10',NULL),(28,'invests/October2017/ves.jpg','2017-10-13 08:29:19','2017-10-13 08:29:19',NULL);
/*!40000 ALTER TABLE `invests` ENABLE KEYS */;
UNLOCK TABLES;

--
-- Table structure for table `main_news`
--

DROP TABLE IF EXISTS `main_news`;
/*!40101 SET @saved_cs_client     = @@character_set_client */;
/*!40101 SET character_set_client = utf8 */;
CREATE TABLE `main_news` (
  `id` int(10) unsigned NOT NULL AUTO_INCREMENT,
  `title` text COLLATE utf8_unicode_ci,
  `date` text COLLATE utf8_unicode_ci,
  `body` text COLLATE utf8_unicode_ci,
  `img` text COLLATE utf8_unicode_ci,
  `created_at` timestamp NULL DEFAULT NULL,
  `updated_at` timestamp NULL DEFAULT NULL,
  `seo_title` varchar(255) COLLATE utf8_unicode_ci DEFAULT NULL,
  `select` text COLLATE utf8_unicode_ci,
  PRIMARY KEY (`id`)
) ENGINE=InnoDB AUTO_INCREMENT=99 DEFAULT CHARSET=utf8 COLLATE=utf8_unicode_ci;
/*!40101 SET character_set_client = @saved_cs_client */;

--
-- Dumping data for table `main_news`
--

LOCK TABLES `main_news` WRITE;
/*!40000 ALTER TABLE `main_news` DISABLE KEYS */;
INSERT INTO `main_news` VALUES (12,'5 полезных фактов для запуска бизнеса','2016-02-12','<p class=\"z\">Мы собрали пять самых полезных фактов, которые вы должны знать, чтобы открыть успешный бизнес в 2017 году.</p>\r\n<p class=\"z\">1. Специалисты прогнозируют небывалый спрос на облачные технологии. В 2017 году гарантией успеха предпринимателей станет использование различных онлайн инструментов.</p>\r\n<p class=\"z\"><br style=\"box-sizing: inherit;\" />2. Всё больше сотрудников будут переходить на удаленную работу. Это позволит начинающим предпринимателям получить доступ к первоклассным специалистам, но не тратить деньги на их содержание.</p>\r\n<p class=\"z\"><br style=\"box-sizing: inherit;\" />3. По всему миру компании, которые оказывают услуги посредников предоставляют дополнительный сервис и поддержку, зарабатывают на этом больше, чем компании-производители. В 2017 году этот тренд станет чрезвычайно актуален в России.</p>\r\n<p class=\"z\"><br style=\"box-sizing: inherit;\" />4. Ожидается дальнейший рост рынка внедрения ERP-систем</p>\r\n<p class=\"z\"><br style=\"box-sizing: inherit;\" />5. Отток инвестиций из России позволит малому бизнесу занять ниши, в которых сейчас властвуют крупные компании и добиться успеха там, где, казалось бы, властвуют крупные корпорации</p>','news/October2017/blog-img-xl-1-870x500.jpg','2017-10-13 06:45:00','2017-10-13 06:47:19',NULL,NULL),(13,'Электромобиль Quant 48Volt разгоняется «до сотни» за 2,4 секунды','2016-02-07','<p class=\"z\">Компания NanoFlowcell покажет на Женевском автосалоне передовой электрический автомобиль Quant 48Volt с запасом хода около 1000 километров.</p>\r\n<p class=\"z\">Напомним, что NanoFlowcell уже демонстрировала несколько концепт-каров. Это, в частности, автомобиль&nbsp;<a class=\"za\" href=\"https://3dnews.ru/927860\">Quantino</a>&nbsp;и модель&nbsp;<a class=\"za\" href=\"https://3dnews.ru/909418\">Quant F</a>.</p>\r\n<p class=\"z\">Особенностью машин NanoFlowcell является инновационная силовая установка на основе так называемой потоковой батареи. Во время работы агрегата электролиты особого состава подаются из двух баков в камеру со специальной ионообменной мембраной, в результате чего генерируется электричество. Энергия подаётся на электрические моторы. Состав жидкостей не раскрывается, но известно, что они нетоксичные и негорючие. После использования электролит может быть заменён новым или залит повторно после перезарядки.</p>\r\n<p class=\"z\">В автомобиле Quant 48Volt применяется 48-вольтовая система питания моторов. Всего установлено четыре электродвигателя мощностью 140 кВт каждый &mdash; по одному на колесо. Таким образом, реализована система полного привода.</p>\r\n<p class=\"z\">Суммарная заявленная мощность электрокара достигает 760 лошадиных сил. Время разгона с 0 до 100 км/ч впечатляет &mdash; всего 2,4 секунды. Максимальная скорость ограничена электроникой на отметке 300 км/ч.</p>\r\n<p class=\"z\"><strong style=\"box-sizing: inherit;\">Источник:&nbsp;</strong><a class=\"za\" href=\"http://www.engadget.com/\" target=\"_blank\" rel=\"noopener\">Engadget</a></p>','news/October2017/nano1.jpg','2017-10-13 06:49:00','2017-10-13 06:53:42',NULL,NULL),(14,'Первый серийный летающий автомобиль от PAL-V International B.V.','2016-02-01','<p class=\"z\">Пионером, запускающим в серийное производство летающие автомобили, становится голландская компания PAL-V International B.V. со своей моделью трехколесного аэромобиля с названием Liberty. Это двухместный двухмоторный автожир (гироплан, гирокоптер), приспособленный для езды по автомобильным дорогам. Он оснащен складным пропеллером и двумя двигателями Rotax, один из которых (мощностью 100 л.с.), предназначен для движения по земле, а второй (мощностью 200 л.с.) &ndash; по воздуху.</p>\r\n<p class=\"z\">По данным производителя, на земле автомобиль-вертолет способен развить скорость 160 км/ч. Разгон от 0 до 100 км/ч он осуществляет за 9 секунд. В режиме полета максимальная высота достигает 3500 м при максимальной скорости 180 км/ч. Дальность полета без необходимости дозаправки составляет до 500 км. Для взлёта нужна дистанция всего 180 м (330 с учётом перелёта через препятствие высотой 15 м), а для посадки &mdash; 30 м. Средний расход горючего равен 26 л/ч. Снаряженная масса у Liberty всего 664 кг, а максимальная взлетная масса &mdash; 910 кг.</p>\r\n<p class=\"z\">Топ-версия включает в себя цифровую приборку и двойной комплект органов управления. Цена такого аппарата в Европе составит 499&nbsp;000 евро. Позднее производитель обещает добавить версию попроще &mdash; Liberty Sport (299&nbsp;000 евро). Предсерийные образцы голландцы обещают показать уже в этом году, а поставки заказчикам намечены на конец 2018-го.</p>','news/October2017/3307395186-870x500.jpg','2017-10-13 06:55:05','2017-10-13 06:55:05',NULL,NULL),(15,'Любительский дрон научили опылять цветы','2016-03-02','<p class=\"z\">Небольшой любительский дрон G-Force PXY CAM, стараниями японских исследователей, приобрел уникальную функцию &mdash; опыление цветов. К пятисантиметровым летающим роботам с дистанционным управлением была присоединена клейкая поверхность из шерсти животных, на которую нанесен специальный жидкий гель. Последний состоит из длинных молекул и обладает достаточной липкостью, чтобы захватывать пыльцевые зерна. Таким образом дроны смогут переносить пыльцу с цветка на цветок, просто сталкиваясь на полном ходу с растениями.</p>\r\n<p class=\"z\">Ученые уже успешно испытали электропчел на одном виде растений. При всем этом они признали, что не уверены в безопасности дронов для животных и насекомых.</p>','news/October2017/PXYcam-11-870x500.jpg','2017-10-13 06:56:00','2017-10-13 07:10:23',NULL,NULL),(16,'3 в 1: 3D-принтер, фрезерный и лазерный станки за $449','2016-03-12','<p class=\"z\">Американский стартап&nbsp;<a class=\"za\" href=\"http://www.snapmaker.com/kickstarter-lead.html\" target=\"_blank\" rel=\"noopener\">Snapmaker</a>&nbsp;запускает на Kickstarter кампанию по сбору средств на доработку одноименного продукта для мейкеров, который объединяет 3D-принтер, электронный фрезерный станок и лазерный гравер в одно устройство. Об этом&nbsp;<a class=\"za\" href=\"http://www.theverge.com/2017/3/10/14881310/snapmaker-modular-3d-printer-a-cnc-machine-laser-cutter-kickstarter\" target=\"_blank\" rel=\"noopener\">пишет</a>&nbsp;The Verge.</p>\r\n<p class=\"z\">По всей видимости, относительно дешевый Snapmaker предназначен для массового рынка инженеров-любителей и домашней работы. Основное устройство системы &ndash; 3D-принтер, который компания планирует поставлять бэкерам Kickstarter за $299 (17,7 тысячи рублей по курсу на 10 марта).</p>\r\n<p class=\"z\">Два дополнительных модуля, обеспечивающих функции фрезерного станка и лазерного гравера, стартап готов поставлять по $75 (около 4,5 тысячи рублей) &ndash; таким образом, стоимость полной комплектации составит $449 (26,5 тысячи рублей).</p>\r\n<p class=\"z\">Согласно указанным на сайте проекта характеристикам, полностью алюминиевый 3D-принтер сможет печатать пластиковые детали размером 125x125x125 миллиметров с разрешением в 50-300 микрон, лазерный гравер с лучом мощностью в 500 миливатт сможет работать с деревом, бамбуком, кожей, пластиком, тканями и бумагой, а фрезерный станок позволит резать дерево, акрил и печатные платы со скоростью вращения от двух до семи тысяч оборотов в минуту.</p>','news/October2017/b93b6_Snapmaker-3D-Printer.jpg','2017-10-13 06:57:00','2017-10-13 07:10:34',NULL,NULL),(17,'Тренды в области искусственного интелекта в 2017 году','2016-03-12','<p class=\"z\">Технологический инвестор Брэдфорд Кросс опубликовал в своём блоге&nbsp;<a class=\"za\" href=\"http://www.bradfordcross.com/blog/2017/3/3/five-ai-startup-predictions-for-2017\">заметку</a>&nbsp;о пяти основных трендах среди проектов в области искусственного интеллекта в 2017 году.</p>\r\n<p class=\"z\">&laquo;Повальное увлечение технологиями искусственного интеллекта в 2017 году наконец захлебнётся &mdash; многие поймут, что в основном такие алгоритмы пока ничего не могут предложить. Парадоксально, но 2017 год также станет годом прорывов в этой области&raquo;, &mdash; пишет автор заметки.</p>\r\n<p class=\"z\">Он полагает, что в 2017 году появится много стартапов, работающих в сфере искусственного интеллекта, которые станут развиваться &laquo;вертикально&raquo; &mdash; то есть решать проблемы в одной области, охватывая её полностью. Автор собрал пять трендов в отрасли, которые, по его мнению, раскроются в течение года.</p>\r\n<ol style=\"box-sizing: inherit; margin-top: 0px; margin-bottom: 12px; padding-top: 12px; padding-bottom: 12px; color: #656269; font-family: \'PT Sans\'; font-size: 15px;\">\r\n<li style=\"box-sizing: inherit; padding: 0px;\"><strong style=\"box-sizing: inherit;\">Падение ботов</strong></li>\r\n</ol>\r\n<p class=\"z\">&laquo;Весь последний год представители ИТ-индустрии активно обсуждали ботов. Вообще под ботом технические специалисты понимают технологию, которая обладает четырьмя основными свойствами: она реагирует на окружающую среду, она автономна, целеустремленна и настойчива&raquo;, &mdash; пишет автор.</p>\r\n<p class=\"z\">Но в 2016 году ИТ-компании решили узурпировать термин &laquo;бот&raquo; и стали называть так всё, что автоматизирует какую-то часть их работы.</p>\r\n<p class=\"z\">&laquo;Автоматизация бизнес-процессов, конечно, никуда не денется, но ажиотаж вокруг ботов утихнет&raquo;, &mdash; считает Кросс. Он видит несколько причин этого явления:</p>\r\n<ul style=\"box-sizing: inherit; margin-top: 0px; margin-bottom: 12px; padding-top: 12px; padding-bottom: 12px; color: #656269; font-family: \'PT Sans\'; font-size: 15px;\">\r\n<li style=\"box-sizing: inherit; padding: 0px 0px 11px; list-style: none; position: relative;\">Боты и платформы, которые их используют, часто не предполагают социальной составляющей. В то же время пользователям постоянно приходится выбирать между социализацией и персонализацией &mdash; и побеждают, считает Кросс, сервисы вроде Facebook, которые в равной мере предлагают и то, и то. &laquo;Боты не обладают социальным интеллектом и не могут распознавать потребности человека &mdash; поэтому они не смогут ни привлечь, ни удержать пользователей&raquo;.</li>\r\n<li style=\"box-sizing: inherit; padding: 0px; list-style: none; position: relative;\">Разговорные интерфейсы зачастую не слишком эффективны по сравнению с визуальными. &laquo;Визуальные интерфейсы гораздо интереснее, а кроме того, они существуют гораздо дольше и могут решать больше задач. Конечно, разговорные интерфейсы тоже могут полезны в ряде задач. Но в 2017 году мы увидим, как многие приложения пересматривают своё отношение к ним&raquo;.</li>\r\n</ul>\r\n<p class=\"z\">При этом Кросс замечает, что он не считает технологии искусственного интеллекта недостаточно хорошими для решения каких-то задач. По его словам, проблема в том, что до сих пор не ясно, хотят ли люди использовать такие системы в обычной жизни.</p>\r\n<ol style=\"box-sizing: inherit; margin-top: 0px; margin-bottom: 12px; padding-top: 12px; padding-bottom: 12px; color: #656269; font-family: \'PT Sans\'; font-size: 15px;\" start=\"2\">\r\n<li style=\"box-sizing: inherit; padding: 0px;\"><strong style=\"box-sizing: inherit;\">Распространение систем глубокого обучения</strong></li>\r\n</ol>\r\n<p class=\"z\">&laquo;Сейчас все сходят с ума по глубокому обучению. Глубокое обучение (для тех, кто не разбирается в терминах) &mdash; это область машинного обучения, а машинное обучение, в свою очередь, &mdash; область искусственного интеллекта. И эта оно сейчас быстро развивается и помогает решать глобальные задачи &mdash; поэтому многие компании внедряют технологии глубокого обучения в свою работу&raquo;.</p>\r\n<p class=\"z\">Технологии глубокого обучения, например, помогают решать задачи компьютерного зрения. &laquo;Google, Facebook, Twitter, Uber, Microsoft, Salesforce &mdash; эти алгоритмы сейчас используют все. Из вузов выпускается масса специалистов области. Ещё 4 года назад ситуация была совершенно иной &mdash; поэтому я думаю, что глубокое обучение &mdash; один из трендов 2017 года&raquo;.</p>\r\n<p class=\"z\">Кросс замечает, что под распространением глубокого обучения подразумевает рост спроса на профильных специалистов и разработанные ими технологии, а не появление новых компаний, занимающихся созданием подобных алгоритмов и платформ.</p>\r\n<ol style=\"box-sizing: inherit; margin-top: 0px; margin-bottom: 12px; padding-top: 12px; padding-bottom: 12px; color: #656269; font-family: \'PT Sans\'; font-size: 15px;\" start=\"3\">\r\n<li style=\"box-sizing: inherit; padding: 0px;\"><strong style=\"box-sizing: inherit;\">Искусственный интеллект &mdash; новый &laquo;клинтех&raquo; для инвесторов</strong></li>\r\n</ol>\r\n<p class=\"z\">Технологии Cleantech всегда интересовали инвесторов &mdash; из-за того, что они решают глобальные проблемы и &laquo;может показаться, что на этом можно хорошо заработать&raquo;, пишет Кросс. &laquo;Это не прибыльный бизнес. Бизнес можно построить на чём-то, для чего реально найти покупателей&raquo;.</p>\r\n<p class=\"z\">В качестве работающих примеров &laquo;клинтеха&raquo; часто приводят Tesla и SolarCity, но нельзя забывать, что в этих компаниях &laquo;чистые&raquo; технологии &mdash; лишь часть продукта. Нельзя построить продукт полностью на &laquo;чистой&raquo; технологии &mdash; это вряд ли сработает. Крупный бизнес ставит на первое место потребности клиентов, а не технологический тренд.</p>\r\n<p class=\"z\">&laquo;Солнечная энергия &mdash; это не рынок, а технология. Так и искусственный интеллект &mdash; это не рынок, а технология. Но венчурные фонды поддаются тренду, и им становится сложнее трезво оценивать компании&raquo;, &mdash; объясняет автор материала.</p>\r\n<p class=\"z\">По мнению Кросса, такая ситуация провоцирует появление незрелых компаний без продукта и лжеэкспертов на рынке. Кроме того, большинство таких проектов вскоре закроются, а инвесторы потеряют на них средства.</p>\r\n<ol style=\"box-sizing: inherit; margin-top: 0px; margin-bottom: 12px; padding-top: 12px; padding-bottom: 12px; color: #656269; font-family: \'PT Sans\'; font-size: 15px;\" start=\"4\">\r\n<li style=\"box-sizing: inherit; padding: 0px;\"><strong style=\"box-sizing: inherit;\">Машинное обучение как сервис погибнет &mdash; снова</strong></li>\r\n</ol>\r\n<p class=\"z\">Модель&nbsp;MLaaS (Machine Learning as a Service), замечает, Кросс, существует уже не менее 10 лет, но проекты, работающие по ней, чаще всего проваливаются. &laquo;Она не работает просто потому, что люди, которые понимают, зачем им машинное обучение и как оно устроено, используют технологии с открытым исходным кодом, а те, кто этого не знает, не смогут работать и с API&raquo;, &mdash; объясняет он.</p>\r\n<p class=\"z\">При этом продавать свои платформы машинного обучения продолжают как небольшие, так и крупные компании &mdash; вроде Microsoft, Amazon и Google &mdash; в рамках своих &laquo;облачных&raquo; наборов инструментов.</p>\r\n<p class=\"z\">Но я не встречал компаний, которые действительно используют эти API. У MLaaS-проектов просто нет аудитории.</p>\r\n<ol style=\"box-sizing: inherit; margin-top: 0px; margin-bottom: 12px; padding-top: 12px; padding-bottom: 12px; color: #656269; font-family: \'PT Sans\'; font-size: 15px;\" start=\"5\">\r\n<li style=\"box-sizing: inherit; padding: 0px;\"><strong style=\"box-sizing: inherit;\">Компании, ориентированные на одну вертикаль бизнеса</strong></li>\r\n</ol>\r\n<p class=\"z\">По мнению Кросса, один из главных трендов 2017 года &mdash; появление и развитие компаний, которые с помощью искусственного интеллекта решают проблемы из одной выбранной сферы, и при этом создают законченный продукт.</p>\r\n<p class=\"z\">&laquo;ИИ изменит все отрасли. Такие вертикальные стартапы смогут вобрать в себя и экспертизу, и данные, и производство продукта &mdash; и выдать конечный результат. Который окажется востребован среди клиентов. Эти проекты даже смогут найти проблемы, которые невозможно решить без технологий искусственного интеллекта&raquo;, &mdash; объясняет Кросс.</p>','news/October2017/sat-ai-head-640x353.jpg','2017-10-13 07:01:00','2017-10-13 07:10:12',NULL,NULL),(18,'Инвестиционные итоги 2016','2016-03-12','<p class=\"z\">Медиаресурс Firrma провел личное исследование и сообщает о том, что локальный рынок заметно оживился за предыдущий 2016-й год, а фонды начали финансировать больше зарубежных компаний.</p>\r\n<p class=\"z\">В частности за последний год (декабрь 2015 &mdash; декабрь 2016) зафиксировано 390 сделок. За аналогичный период в прошлом году их было 313, а значит показатель роста составил &mdash; 24.6%. При этом в позапрошлом году число сделок достигло 460.</p>\r\n<p class=\"z\">Самым активным игроком назван Фонд развития интернет инициатив ФРИИ, который профинансировал 91 проект на сумму $19,2 млн. В целом же пять самых активных фондов России профинансировали 70 стартапов общей суммой $160 млн. В приоритете, согласно данным исследования, проекты на seed-стадии.</p>\r\n<p class=\"z\">Еще одна интересная тенденция, которую отметили исследователи Firrma заключается в том, что в связи с более стабильной ситуацией на европейском рынке, российские фонды активнее финансировали зарубежные компании, в связи с чем инвестиции в локальные снизились примерно на 20%.</p>','news/October2017/rsz_shutterstock_128303723-870x500.jpg','2017-10-13 07:02:00','2017-10-13 07:10:00',NULL,NULL),(19,'Поддержка стартапов в ЕС на 1 млрд. евро','2016-03-13','<p class=\"z\">С целью поддержки стартапов Франция и Германия создают венчурный фонд размером $1 млрд. Но главная миссия новой структуры все же заключается в том, чтобы не позволить ЕС отстать от США в вопросе развития цифровой экономики. Об этом заявило лично руководство стран-инициаторов: президент Франции Франсуа Олланд и канцлер Германии Ангела Меркель.</p>\r\n<p class=\"z\">В принципе детальной информации о новом источнике финансирования пока нету. Но во время Второй франко-германнской конференции по цифровой экономике Ангела Меркель заявила о том, что один из принципов создания фонда заключается в том, что в Европе стартапам намного сложнее найти инвестиции, чем в США. А министр экономики Франции добавил, что к наполнению фонда присоединятся другие европейские страны, а также частные инвесторы.</p>','news/October2017/fra_vs-870x500.jpg','2017-10-13 07:04:00','2017-10-13 07:09:45',NULL,NULL),(20,'Почему ваш стартап развивается медленно: 11 главных причин','2016-03-13','<p class=\"z\">Руководитель аналитического отдела ФРИИ Инга Фокша неожиданно оказалась по ту сторону венчурных баррикад, присоединившись к сработавшейся команде и составив для компании новый план по развитию. И теперь делится наблюдениями: почему многие стартапы развиваются медленнее, чем могли бы &mdash; и что с этим делать.</p>\r\n<p class=\"z\">Ранее я находилась по другую сторону от стартапов, инвестиционную &ndash; там, где их отбирают, принимают решения о выдаче инвестиций (или отказе), проводят оценку потенциала роста бизнеса, наблюдают за трекшеном и снова принимают решения о новых инвестициях. Я искренне верила в том, что проектам просто не хватает экспертизы в некоторых областях, стратегического мышления и понимания своих проблем &ndash; ну и умения выполнять поставленные задачи. Со стороны процесс казался очевидным: сделай команда раз, сделай два, сделай три &ndash; и будет им счастье.</p>\r\n<p class=\"z\">Бывало, когда 3 месяца прокачки бизнеса не приводили к какому-то осязаемому результату, мы задавали вопрос нашим коллегам из Акселератора: чем вы там все это время занимались?</p>\r\n<p class=\"z\">Поэтому я и хочу поделиться сейчас своим опытом и наблюдениями за тем, почему команды двигаются в разы медленнее ожиданий, и как с этим можно работать. Мой опыт может быть интересен как тем, кто встраивается в какой-то порядок с целью достижения определенной цели, так и самим командам.</p>\r\n<p class=\"z\">Итак, я присоединилась к сработавшейся команде. Мы настроили и изучили пользовательские метрики, я увидела, что могу сделать для них, и разработала план: приду, всё настрою, запущу рассылку, ретаргетинг, поработаю с брошенными корзинами, с юзабилити сайта&hellip; и продажи взлетят в разы? Но все пошло не так. Уже четвертый месяц 80% своего времени я посвящаю вещам, имеющим лишь отдаленное отношение к изначальном плану. Самым сложным для меня оказалось не просто получить специальные навыки и знания, а изменить то, как люди думают и делают свою работу. Надо было сделать так, чтобы они сами захотели изменить свой бизнес! И выполнении этой задачи дается очень тяжело. Люди слушают тебя, говорят: &laquo;класс!&raquo;, &laquo;здорово!&raquo;, &laquo;точно!&raquo;. А затем потом поворачиваются обратно и делают так, как привыкли, как работали последние пару лет. И результата нет. Я постаралась разобраться в этом явлении и нашла несколько болевых точек, которые необходимо проработать для ускорения команды. Причем большая часть из этого свойственна не только стартапам, но и крупным компаниям, умнейшим людям, в командах с которыми мне посчастливилось работать, да и мне самой.</p>\r\n<p class=\"z\"><strong style=\"box-sizing: inherit;\">ЛЮДИ НЕ УМЕЮТ ПЛАНИРОВАТЬ</strong></p>\r\n<p class=\"z\">При этом они стараются планировать каждый день. Заботливо пишут себе задачи. Проблема в том, каждый день люди рассматривают как отдельно взятый и конечный день. То есть, у них может быть 10 задач на день и они выполняют их по принципу &laquo;куда глаз упадет&raquo;. А между ними выполняют другие задачи, вне плана. Невыполненные за день задания хаотично перемещаются в список завтрашнего дня или в вечный лист ожидания. В результате важные дела откладываются на конец, а на созидание и осмысление сил и времени не остается. На эту тему есть масса литературы, откуда можно почерпнуть хотя бы правильные модели поведения. Например, каждый день начинать с ключевых задач, которые способны изменить что-то в вашем бизнесе или просто связаны с деньгами.</p>\r\n<p class=\"z\"><strong style=\"box-sizing: inherit;\">ЛЮДИ НЕ УМЕЮТ РАССТАВЛЯТЬ ПРИОРИТЕТЫ</strong></p>\r\n<p class=\"z\">Это значит, что он смешивают задачки и крупные проекты. Крупные проекты кажутся слишком большими и как будто ждут своей очереди, поэтому их выполнение откладывают на последний момент. Это приводит к тому, что мы не учимся, не растем, а главное &mdash; бизнес становится статичным. Все сводится к &laquo;задачкам&raquo;, причем срочным, в ущерб важным. Приоритет &mdash; дело очень индивидуальное, однако вы можете начать с того, что будете задавать себе примерно следующие вопросы: то, что я делаю, повлияет на кол-во клиентов // средний чек // лояльность // возможность обслужить больше клиентов // позицию на рынке // на деньги, в конце концов? Если то, что вы делаете, не является приоритетом для бизнеса, то и для вас это дело не является приоритетным.</p>\r\n<p class=\"z\"><strong style=\"box-sizing: inherit;\">ЛЮДИ НЕ ИМЕЮТ ОБЩЕЙ ЦЕЛИ</strong></p>\r\n<p class=\"z\">Это ключевая проблема! Мы все привыкли к тому, что нам спускают цель сверху. Понять, чего же мы хотим &ndash; это ответственность. И многие ее избегают. В бизнесе в том числе. Всегда чувствуется, когда у команды нет цели. На моем примере это выглядит следующим образом: CEO в разъездах по регионам, продвигая личный бренд-продукт (мастер-классы, книга), финансовый директор занят поиском средств на погашение долговых обязательств, поэтому выдергивает остальных сотрудников для подготовки презентации и расчетов, IT-специалист занят настройкой 1С для интернет-магазина&hellip; Логично, что аналитика не собирается, рассылки не запускаются и юзабили сайта не улучшается уже третью неделю; дизайнер готовит баннер для сайта к праздникам; ответственный за магазин пытаясь поправить слабые продажи собирает наборы к праздникам; человек, который &laquo;создает&raquo; самый прибыльный продукт, занят переговорами с партнерами в связи с предстоящим запуском нового продукта, но без CEO. И еще один отдельный человек занимается организацией крупного мероприятия, которое состоится через полгода, хотя у него талант в работе с клиентами и партнерами, но ему не до этого. В общем, бесконечный хаос.</p>\r\n<p class=\"z\">Очень плохо, когда на самом верху нет никакой цели. Но еще хуже, если эти цели каждый день разные. Управление по принципу &laquo;лебедь-рак-и-щука&raquo; изматывает людей, жрет ресурсы и не ведет компанию никуда! И это влияет на все: на приоритеты, на то как люди планируют свою работу, мыслят ли они категорией денег или других KPI.</p>\r\n<p class=\"z\">Вся компания, вся система в данном случае должны представлять собой единые цепочки создания одной ценности и донесения этой ценности клиенту. Один проект в заданной точке времени должен делаться силами всей команды, которая в него вовлечена. Только после этого вся команда переходит к другому проекту. Но в каждый момент времени сотрудники должны понимать порядок приоритетов. И каждый сотрудник знает об этом и выстраивает свои приоритеты только с учетом ключевых на текущий момент проектов.</p>\r\n<p class=\"z\"><strong style=\"box-sizing: inherit;\">ЛЮДИ НЕ МЫСЛЯТ В КАТЕГОРИИ ДЕНЕГ</strong></p>\r\n<p class=\"z\">Это было для меня откровением. Я попросила каждого члена команды объяснить, чем занимается его департамент, как это создает конечную ценность и помогает компании заработать. Было много обид и конфузов. Однако упражнение очень полезное. Если вы не мыслите так, делайте себе хотя бы изредка &laquo;разбор полетов&raquo;, задавая вопрос: &laquo;как то, что я делаю, влияет на количество денег и что я могу изменить, чтобы это влияние стало положительным?&raquo;</p>\r\n<p class=\"z\"><strong style=\"box-sizing: inherit;\">ЛЮДИ НЕ СЛУШАЮТ ДРУГ ДРУГА</strong></p>\r\n<p class=\"z\">И даже не всегда знают над чем работает коллега! Казалось бы, в компании не большие 20 человек, а люди не обсуждают рабочие цели, проблемы и задачи. Когда мы начали обсуждать участие и роль каждого, выяснилось, что каждый второй работает над тем (продуктом), который всем вместе кажется успешным. Например, вы потратили время на то, чтобы выйти на партнера, с которым другой департамент уже работает, или вы разрабатываете документ, по которому уже работает соседний департамент. Понимание того, чем живет соседний департамент или просто ваш коллега, дает не только чувство общности и экономит время, но позволяет лучше выстроить цепочку ценности и донести ее клиенту. Может оказаться, что у вас один и тот же клиент.</p>\r\n<p class=\"z\"><strong style=\"box-sizing: inherit;\">ЛЮДИ НЕ ХОТЯТ ДЕЛЕГИРОВАТЬ</strong></p>\r\n<p class=\"z\">Их это напрягает: надо еще думать о том, как поставить задачу, кому, когда, как контролировать, создать какие-то инструменты, чек-листы, контрольные точки расставить, а в худшем случае еще и спасать, &laquo;если что&raquo;. В результате ключевые сотрудники делают очень много, все всегда срочное, и всегда только они могут это сделать. Я рекомендую перед тем, как взяться за задачу спросить себя:</p>\r\n<p class=\"z\">1) могу ли я сразу кому-то делегировать</p>\r\n<p class=\"z\">2) может ли кто-то лучше /быстрее меня выполнить задачу (это не относится к иерархичным системам)</p>\r\n<p class=\"z\">3) влияет ли задача на ключевую метрику бизнеса (количество клиентов, их лояльность, чек, или просто деньги).</p>\r\n<p class=\"z\">Если вы отвечаете &laquo;да&raquo; на первый или второй вопрос, или &laquo;нет&raquo; на последний &ndash; делегируйте!<br style=\"box-sizing: inherit;\" />Делегировать можно как минимум двумя способами:</p>\r\n<p class=\"z\">1) сбросить задачу, пусть бегает и думает что с этим делать; потом посмотреть промежуточный результат и скорректировать задачу</p>\r\n<p class=\"z\">2) объяснить человеку, зачем это надо делать, какой результат/функционал вы ожидаете получить, разбить вместе с ним задачу по кусочкам, определить сроки выполнения каждого кусочка, и контролировать промежуточные варианты несколько раз.</p>\r\n<p class=\"z\"><strong style=\"box-sizing: inherit;\">ЛЮДИ НЕ УМЕЮТ УХОДИТЬ ОТ ТЕКУЧКИ</strong></p>\r\n<p class=\"z\">Они могут весь день просидеть в почте, отвечая на письма партнерам. В этом случае учитесь &laquo;отключаться&raquo; на несколько часов и вообще не проверять почту какое-то время. Вы обнаружите, что какие-то вопросы снимаются сами, где-то, не дождавшись вашего ответа, люди сами решили вопросы или обратились к другому, а где-то вопрос или задача сама снялась или оказалась не столько важной и срочной, как могла показаться изначально. Договоритесь с ключевыми людьми, от которых вам важно не пропустить письмо о сигналах оповещения на экстренные случаи, или просто поставьте уведомление на ключевые письма.</p>\r\n<p class=\"z\"><strong style=\"box-sizing: inherit;\">ЛЮДИ СОСРЕДОТОЧЕНЫ НА ПРОИЗВОДСТВЕННОМ ПРОЦЕССЕ</strong></p>\r\n<p class=\"z\">Попросту говоря, процесс идет ради самого процесса. Сотрудники не анализируют результаты, не делают выводов, любые улучшения совершают по наитию и интуиции. Каждое действие должно иметь свои результаты. Приступая к задаче, сформулируйте, какой результат вы ожидаете получить, и сравните ожидания с полученным результатом. Потом попытайтесь понять из-за чего результат оказался хуже ожидаемого или наоборот, благодаря чему результат превзошел ожидания. Простая привычка анализировать результаты даст вам необходимую связку между процессом и результатом. Процесс выстраивается от результата, а не сам по себе. В идеале результатом является удовлетворенный пользователь (много пользователей или клиентов). Поэтому выстраивайте процесс создания вашей ценности или продукта так, чтобы на выходе (1) много пользователей (2) остались довольными.</p>\r\n<p class=\"z\"><strong style=\"box-sizing: inherit;\">ЛЮДИ ДЕЛАЮТ РУКАМИ ОДНО И ТО ЖЕ</strong></p>\r\n<p class=\"z\">Для того, чтобы избежать ручных процессов, сразу учитесь, делая что-то, разбивать этот процесс на этапы. У каждого этапа может быть своя цель, промежуточный KPI, затраченное время, чек-лист и так далее. Если вы допускаете, что какой-то процесс имеет повторяющийся характер, зафиксируете это сразу, разложите по полочкам. Так в следующий раз вы пройдете его гораздо быстрее или вам будет проще передать выполнение этой задачи другому человеку. Это необходимое условие для того, чтобы учиться быстрее. Вы можете что-то сделать 5 и более раз, прежде чем дойдете до автоматизма, но вы можете уже после 2 раза сильно сократить свой путь и затраченное время.</p>\r\n<p class=\"z\"><strong style=\"box-sizing: inherit;\">ЛЮДИ ПРЕНЕБРЕГАЮТ АНАЛИЗОМ</strong></p>\r\n<p class=\"z\">Аналитика? Метрики? А что что это? Если вы меряете бизнес только количеством денег, вам это ни о чем не говорит. Каждый сотрудник, каждый отдел и, тем более, каждый CEO должны понимать, в чем измеряется результат их деятельности и следить за ним. Если этого не происходит, вы не знаете, что надо изменить, куда вы движетесь и насколько хорошо сделана работа. Метрика или результат должны касаться ключевых этапов создания ценности или донесения ее клиенту. Так вы сможете понимать, где буксует, что расширить, где чинить.</p>\r\n<p class=\"z\">При этом доход часто не является правильной метрикой. Правильная метрика та, которая призывает вас к действиям; отслеживая её, вы принимаете решения касательно того, над чем работать.</p>\r\n<p class=\"z\"><strong style=\"box-sizing: inherit;\">ЛЮДИ НЕ ДИСЦИПЛИНИРОВАНЫ</strong></p>\r\n<p class=\"z\">Причем в широком понимании слова. Везде: начиная от мыслей, заканчивая финансовой дисциплиной. Дисциплина необходима для достижения результата. И это то, что никто за вас не сделает. Представьте, что вы тренер. Вы тренируете талантливого и мотивированного спортсмена, который хочет стать чемпионом. Вы работаете с ним несколько раз в неделю. Он исправно ходит и прилежно выполняет все задания. Но как только у него заканчивается тренировка, он пьет, курит, дерется и получает травмы, ест салаты с майонезом. Вы, как тренер, можете ли спрогнозировать ваш общий успех в достижении цели &ndash; стать чемпионом? Так и в бизнесе. Мало делать что-то хорошо в одном месте. И мало иметь самого лучшего тренера! Порядок и дисциплина должны быть образом ведения бизнеса.</p>\r\n<p class=\"z\"><a class=\"za\" href=\"http://www.iidf.ru/media/articles/lifehacks/pochemu-vash-startap-razvivaetsya-medlenno-11-tipichnykh-prichin/\">оригинал статьи</a></p>','news/October2017/20160502121043-shutterstock-374771638.jpeg','2017-10-13 07:07:00','2017-10-13 07:09:34',NULL,NULL),(21,'Intel покупает «беспилотный» стартап за $15,3 млрд','2016-03-14','<p style=\"box-sizing: inherit; margin: 0px 0px 1.5em; color: #656269; font-family: \'PT Sans\'; font-size: 15px;\">Компания Intel решила купить израильский стартап MobileEye, занимающийся оборудованием для беспилотных автомобилей, за $15,3 млрд. Об этом&nbsp;<a style=\"box-sizing: inherit; background-color: transparent; color: #4cadc9; text-decoration-line: none;\" href=\"http://intelandmobileye.transactionannouncement.com/\" target=\"_blank\" rel=\"noopener\">сообщается</a>&nbsp;на сайте Intel, ранее об этом&nbsp;<a style=\"box-sizing: inherit; background-color: transparent; color: #4cadc9; text-decoration-line: none;\" href=\"https://techcrunch.com/2017/03/13/reports-intel-buying-mobileye-for-up-to-16b-to-expand-in-self-driving-tech/?ncid=rss&amp;utm_source=feedburner&amp;utm_medium=feed&amp;utm_campaign=Feed%3A+Techcrunch+%28TechCrunch%29\" target=\"_blank\" rel=\"noopener\">написало</a>&nbsp;издание&nbsp;TechCrunch со ссылкой на израильские СМИ&nbsp;и свои источники.</p>\r\n<p style=\"box-sizing: inherit; margin: 0px 0px 1.5em; color: #656269; font-family: \'PT Sans\'; font-size: 15px;\">В Intel заявляют, что собираются приобрести 100% акций MobileEye, чтобы занять лидирующие позиции на рынке оборудования для беспилотных машин. О каких-либо кадровых перестановках в двух компаниях не сообщается.</p>\r\n<p dir=\"ltr\" style=\"box-sizing: inherit; margin: 0px 0px 1.5em; color: #656269; font-family: \'PT Sans\'; font-size: 15px;\">Основанная в 1999 году MobilEye занимается оборудованием для распознавания окружения автомобиля. Ранее Intel заключила партнерское соглашение с MobilEye и BMW для развития собственного направления беспилотных машин.</p>\r\n<p dir=\"ltr\" style=\"box-sizing: inherit; margin: 0px 0px 1.5em; color: #656269; font-family: \'PT Sans\'; font-size: 15px;\">Также MobileEye занималась поставками своих систем для автопилота Tesla, однако в июле 2016 года&nbsp;<a style=\"box-sizing: inherit; background-color: transparent; color: #4cadc9; text-decoration-line: none;\" href=\"https://techcrunch.com/2016/07/26/mobileye-wont-supply-tesla-self-driving-tech-beyond-current-eyeq3-processor/\" target=\"_blank\" rel=\"noopener\">объявила</a>&nbsp;об ограничении дальнейшего сотрудничества с компанией до поддержки процессоров, которые уже установлены в электрокарах Tesla. В стартапе объясняли это тем, что опасаются репутационных рисков относительно безопасности своих продуктов &ndash; по всей видимости, в связи со смертельным ДТП с участием автопилота Tesla в мае того же года.</p>','news/October2017/4355544535_2a0c05b0ee_b-870x500.jpg','2017-10-13 07:08:00','2017-10-13 07:09:25',NULL,NULL),(22,'«Сбербанк» ведет переговоры по покупке сервиса для записи к врачу DocDoc','2016-03-15','<p dir=\"ltr\" style=\"box-sizing: inherit; margin: 0px 0px 1.5em; color: #656269; font-family: \'PT Sans\'; font-size: 15px;\">По данным Rusbase, положительное решение по покупке сервиса уже принято, однако эту информацию опроверг заместитель генерального директора Guard Capital Владимир Григорашенко .</p>\r\n<p dir=\"ltr\" style=\"box-sizing: inherit; margin: 0px 0px 1.5em; color: #656269; font-family: \'PT Sans\'; font-size: 15px;\">По словам Григорашенко, сейчас DocDoc ведет переговоры с несколькими потенциальными инвесторами, и покупка сервиса &laquo;Сбербанком&raquo; &ndash; лишь один из вариантов будущей сделки. Возможная сумма сделки не раскрывается.</p>\r\n<p dir=\"ltr\" style=\"box-sizing: inherit; margin: 0px 0px 1.5em; color: #656269; font-family: \'PT Sans\'; font-size: 15px;\">Представитель DocDoc перенаправил запрос Rusbase в маркетинговый отдел компании, где не смогли дать оперативный ответ. Также ситуацию не смогли оперативно прокомментировать в &laquo;Сбербанке&raquo;.</p>\r\n<p dir=\"ltr\" style=\"box-sizing: inherit; margin: 0px 0px 1.5em; color: #656269; font-family: \'PT Sans\'; font-size: 15px;\">Стартап&nbsp;<a style=\"box-sizing: inherit; background-color: transparent; color: #4cadc9; text-decoration-line: none;\" href=\"http://docdoc.ru/\" target=\"_blank\" rel=\"noopener\">DocDoc</a>&nbsp;оказывает бесплатные для пациентов услуги по подбору врачей из клиник Москвы, Московской области, Санкт-Петербурга, Екатеринбурга и ряда других российских городов.</p>\r\n<p dir=\"ltr\" style=\"box-sizing: inherit; margin: 0px 0px 1.5em; color: #656269; font-family: \'PT Sans\'; font-size: 15px;\">Зарабатывает сервис на комиссиях с клиник-партнеров. Согласно информации на сайте проекта, в целом через сервис записались на прием почти 700 тысяч человек, а в базе DocDoc сейчас около 1750 клиник.</p>\r\n<p style=\"box-sizing: inherit; margin: 0px 0px 1.5em; color: #656269; font-family: \'PT Sans\'; font-size: 15px;\">В 2012 году венчурный фонд&nbsp;<a style=\"box-sizing: inherit; background-color: transparent; color: #4cadc9; text-decoration-line: none;\" href=\"http://rusbase.com/investor/view/aurora-venture-capital/\" target=\"_blank\" rel=\"noopener\">Aurora Venture Capital</a>&nbsp;вложил в DocDoc $1 млн, а в первой половине 2016 года сервис привлек $4 млн от Guard Capital. Полученные инвесторами доли в проекте не раскрывались. По данным ЕГРЮЛ, юрлицо DocDoc &ndash; ООО &laquo;МедСервис&raquo; &ndash; полностью принадлежит офшору DocDoc Holding Limited на Виргинских островах.</p>\r\n<p style=\"box-sizing: inherit; margin: 0px 0px 1.5em; color: #656269; font-family: \'PT Sans\'; font-size: 15px;\">Ранее&nbsp;&laquo;Сбербанк&raquo; почти не интересовался медицинскими проектами. Единственная услуга банка в этой области,&nbsp;<a style=\"box-sizing: inherit; background-color: transparent; color: #4cadc9; text-decoration-line: none;\" href=\"https://www.sberbank.ru/ru/person/sb_premier/the_second_expert_medical_opinion\" target=\"_blank\" rel=\"noopener\">&laquo;Второе медицинское экспертное мнение&raquo;</a>, была запущена в середине 2016 года и предназначена для клиентов премиального пакета&nbsp;&laquo;Сбербанк Премьер&raquo;, позволяя бесплатно проконсультироваться с зарубежным врачом в случае некоторых болезеней.</p>','news/October2017/gref700.jpg','2017-10-13 07:08:57','2017-10-13 07:08:57',NULL,NULL),(23,'В Швейцарии создали первого съедобного робота','2016-03-15','<p style=\"box-sizing: inherit; margin: 0px 0px 1.5em; color: #656269; font-family: \'PT Sans\'; font-size: 15px;\">Группа ученых из Лаборатории интеллектуальных систем Федеральной политехнической школы Лозанны, что в Швейцарии, сконструировала привод, изготовленный из съедобных материалов. Этот привод использовался для создания робота-гусеницы длиной в 9 сантиметров. Такой робот может без проблем перемещаться по желудочно-кишечному тракту человека, выполняя диагностику или доставку лекарственных средств.</p>\r\n<p style=\"box-sizing: inherit; margin: 0px 0px 1.5em; color: #656269; font-family: \'PT Sans\'; font-size: 15px;\">Тело робота-гусеницы состоит из желатина и глицерина, а устроено следующим образом: внутри размещено несколько отделенных друг от друга полостей, в которые поочередно закачивают сжатый воздух. При изменении давления в разных полостях происходит их смещение друг относительно друга, и тело робота извивается, подобно гусенице. Благодаря ритмичному изменению давления, съедобный робот-гусеница способен перемещаться, а при одновременном заполнении воздухом всех полостей робот приобретает структуру, способную удерживать различные предметы.</p>','news/October2017/edible-robot-870x500.jpg','2017-10-13 07:11:18','2017-10-13 07:11:18',NULL,NULL),(24,'Дом на 3D-принтере за 24 часа','2016-03-20','<p style=\"box-sizing: inherit; margin: 0px 0px 1.5em; color: #656269; font-family: \'PT Sans\'; font-size: 15px;\">Стартап под названием Apis Cor разработал крайне доступный способ постройки новых домов. Технология позволяет напечатать бетонные стены для небольшого дома меньше чем за 24 часа.</p>\r\n<p style=\"box-sizing: inherit; margin: 0px 0px 1.5em; color: #656269; font-family: \'PT Sans\'; font-size: 15px;\">Недавно Apis Cor опробовал свой массивный 3D-принтер на тестовом участке в России, где находится один из партнеров стартапа, для постройки бетонных стен для небольшого, но вполне пригодного для жилья дома площадью чуть больше 37 кв. м.</p>\r\n<p style=\"box-sizing: inherit; margin: 0px 0px 1.5em; color: #656269; font-family: \'PT Sans\'; font-size: 15px;\">Установка, напоминающаяя скорее небольшой кран, чем традиционный 3D-принтер, слой за слоем наносит бетонный состав, который, по заявлению компании, может прослужить до 175 лет. После печати стен принтер демонтируют, и бригада подрядчиков устанавливает изоляцию, окна, бытовые приборы и крышу. (Журналистам Quartz так и не удалось узнать, был ли весь дом готов за 24 часа или за это время были только напечатаны стены.)</p>\r\n<p style=\"box-sizing: inherit; margin: 0px 0px 1.5em; color: #656269; font-family: \'PT Sans\'; font-size: 15px;\">В компании говорят, что стоимость постройки и оснащения такого дома всем необходимым обойдется примерно в $10 тысяч. Как написано в&nbsp;<a style=\"box-sizing: inherit; background-color: transparent; color: #4cadc9; text-decoration-line: none;\" href=\"http://apis-cor.com/en/about/news/first-house\" target=\"_blank\" rel=\"noopener\">блоге Apis Cor</a>, самыми дорогими элементами дома пока что остаются окна и двери.</p>\r\n<p style=\"box-sizing: inherit; margin: 0px 0px 1.5em; color: #656269; font-family: \'PT Sans\'; font-size: 15px;\">Такие дома могут очень помочь в районах, которые нужно как можно быстрее восстановить после природных катастроф. Кроме того, продукт компании окажется очень кстати в Сан-Франциско, где приток технических специалистов оказался настолько большим, что вызвал жилищный кризис.</p>\r\n<p style=\"box-sizing: inherit; margin: 0px 0px 1.5em; color: #656269; font-family: \'PT Sans\'; font-size: 15px;\">Сейчас&nbsp;Apis Cor базируется в России и США (Сан-Франциско). 15 марта стартап был&nbsp;<a style=\"box-sizing: inherit; background-color: transparent; color: #4cadc9; text-decoration-line: none;\" href=\"http://rb.ru/news/best-hse/\" target=\"_blank\" rel=\"noopener\">признан</a>&nbsp;победителем премии &laquo;Стартап-года&raquo; как&nbsp;&laquo;Лучший hardware стартап&raquo;.</p>','news/October2017/ApisCor_Nikita-870x500.jpg','2017-10-13 07:13:17','2017-10-13 07:13:17',NULL,NULL),(25,'Официальный канал «Перспективных проектов»','2016-03-23','<p style=\"box-sizing: inherit; margin: 0px 0px 1.5em; color: #656269; font-family: \'PT Sans\'; font-size: 15px;\">Дорогие друзья! Мы рады сообщить, что теперь активные пользователи сервиса Telegram могут подключиться к нашему официальному каналу:</p>\r\n<ul style=\"box-sizing: inherit; margin-top: 0px; margin-bottom: 12px; padding-top: 12px; padding-bottom: 12px; color: #656269; font-family: \'PT Sans\'; font-size: 15px;\">\r\n<li style=\"box-sizing: inherit; padding: 0px 0px 11px; list-style: none; position: relative;\">Новости инноваций</li>\r\n<li style=\"box-sizing: inherit; padding: 0px 0px 11px; list-style: none; position: relative;\">Последние сделки на венчурном рынке</li>\r\n<li style=\"box-sizing: inherit; padding: 0px 0px 11px; list-style: none; position: relative;\">Советы молодым предпринимателям</li>\r\n<li style=\"box-sizing: inherit; padding: 0px 0px 11px; list-style: none; position: relative;\">Мнения специалистов</li>\r\n<li style=\"box-sizing: inherit; padding: 0px; list-style: none; position: relative;\">и многое другое</li>\r\n</ul>\r\n<p style=\"box-sizing: inherit; margin: 0px 0px 1.5em; color: #656269; font-family: \'PT Sans\'; font-size: 15px;\">Для того, чтобы начать читать прямо сейчас &mdash; просто перейдите по этой ссылке:&nbsp;<a style=\"box-sizing: inherit; background-color: transparent; color: #4cadc9; text-decoration-line: none;\" href=\"https://t.me/roppru\">https://t.me/roppru</a></p>','news/October2017/imessage-sboi-v-rabote-sravnenie-telegram-5-870x500.jpg','2017-10-13 07:13:57','2017-10-13 07:13:57',NULL,NULL),(26,'Робот своими руками с конструктором Atomo','2016-03-23','<p style=\"box-sizing: inherit; margin: 0px 0px 1.5em; color: #656269; font-family: \'PT Sans\'; font-size: 15px;\">Если вы разбираетесь в электронике и умеете программировать, то наверняка уже делаете роботов на основе Raspberry Pi или Arduino, а что делать тем, у кого желание есть, а указанных навыков не хватает?</p>\r\n<p style=\"box-sizing: inherit; margin: 0px 0px 1.5em; color: #656269; font-family: \'PT Sans\'; font-size: 15px;\">Разработчик&nbsp;<strong style=\"box-sizing: inherit;\">Джонатан Бафорд представил конструктор Atomo</strong>&nbsp;, который без проблем мог бы использовать практически кто угодно. Модульная система состоит из множества компонентов самого разного назначения, в ней есть всё, что может пригодиться при создании сложного проекта. Докупить дополнительный блок питания, определённый разъём или плату Wi-Fi при необходимости совсем несложно, стартовый же комплект будет стоить около 35 долларов.</p>\r\n<div style=\"box-sizing: inherit; color: #656269; font-family: \'PT Sans\'; font-size: 15px;\"><strong style=\"box-sizing: inherit;\">Все компоненты совместимы с Raspberry Pi</strong>, поэтому создатель конструктора отметил, что Atomo сможет выступить в качестве полной замены Arduino, и надеется, что его разработка пригодится для самых разных проектов любой сложности. Производить конструктор будут в Гонконге на фабрике Arrow Electronics.</div>','news/October2017/p0nzmyfdyzhzol2gtmz4-620x500.jpg','2017-10-13 07:14:52','2017-10-13 07:14:52',NULL,NULL),(27,'NFWare — $2 млн от фонда Sistema Venture Capital','2016-03-23','<p style=\"box-sizing: inherit; margin: 0px 0px 1.5em; color: #656269; font-family: \'PT Sans\'; font-size: 15px;\">Разработанный россиянами сервис NFWare, который предлагает решения для переноса сетевой инфраструктуры телеком-операторов в виртуальную среду, привлёк $2 млн от фонда Sistema Venture Capital, принадлежащего АФК &laquo;Система&raquo;. Об этом говорится в сообщении Sistema VC.</p>\r\n<p style=\"box-sizing: inherit; margin: 0px 0px 1.5em; color: #656269; font-family: \'PT Sans\'; font-size: 15px;\">Помимо Sistema VC в финансировании участвовали фонды Maxfield Capital, Almaz Capital, а также европейский оператор Telefonica. &laquo;Привлечённые инвестиции NFWare направит на расширение присутствия в Европе и выход на рынок США&raquo;, &mdash; указано в сообщении. Президент Sistema VC Алексей Катков добавил, что предлагаемые стартапом инструменты позволяют телеком-операторам, интернет-компаниям и дата-центрам &laquo;существенно сократить издержки и при этом повысить скорость обработки трафика&raquo;.</p>\r\n<p style=\"box-sizing: inherit; margin: 0px 0px 1.5em; color: #656269; font-family: \'PT Sans\'; font-size: 15px;\">NFWare основана в 2014 году Александром Бриткиным, Игорем Рыжовым и Павлом Иващенко и является резидентом &laquo;Сколкова&raquo;. Среди клиентов компании &mdash; операторы Telefonica, &laquo;Ростелеком&raquo; и Mail.Ru Group.</p>','news/October2017/8d14876f4efd-original.jpg','2017-10-13 07:15:17','2017-10-13 07:15:17',NULL,NULL),(28,'18 ошибок, убивающие стартапы','2016-04-10','<p style=\"box-sizing: inherit; margin: 0px 0px 1.5em; color: #656269; font-family: \'PT Sans\'; font-size: 15px;\"><strong style=\"box-sizing: inherit;\">1. Один основатель.</strong></p>\r\n<p style=\"box-sizing: inherit; margin: 0px 0px 1.5em; color: #656269; font-family: \'PT Sans\'; font-size: 15px;\">Вам нужны коллеги &ndash; для мозговых штурмов, для того, чтобы отговорить вас от глупых поступков и поддержать в трудную минуту.</p>\r\n<p style=\"box-sizing: inherit; margin: 0px 0px 1.5em; color: #656269; font-family: \'PT Sans\'; font-size: 15px;\"><strong style=\"box-sizing: inherit;\">2. Неправильное расположение</strong></p>\r\n<p style=\"box-sizing: inherit; margin: 0px 0px 1.5em; color: #656269; font-family: \'PT Sans\'; font-size: 15px;\">Люди, которых вы хотите нанять, хотят жить там, там же находится поддерживающая индустрия, а люди, с которыми вы случайно встречаетесь, работают вместе.</p>\r\n<p style=\"box-sizing: inherit; margin: 0px 0px 1.5em; color: #656269; font-family: \'PT Sans\'; font-size: 15px;\"><strong style=\"box-sizing: inherit;\">3. Маргинальная ниша</strong></p>\r\n<p style=\"box-sizing: inherit; margin: 0px 0px 1.5em; color: #656269; font-family: \'PT Sans\'; font-size: 15px;\">Избежать конкуренции можно, только избегая хороших идей.</p>\r\n<p style=\"box-sizing: inherit; margin: 0px 0px 1.5em; color: #656269; font-family: \'PT Sans\'; font-size: 15px;\"><strong style=\"box-sizing: inherit;\">4. Чужая идея с вариациями</strong></p>\r\n<p style=\"box-sizing: inherit; margin: 0px 0px 1.5em; color: #656269; font-family: \'PT Sans\'; font-size: 15px;\">Вместо копирования Facebook с добавлением возможностей, им проигнорированных, посмотрите на идеи с другой стороны. Вместо того, чтобы идти от компаний и работать над проблемами, которые они решили, ищите проблему и представляйте себе компанию, которая сможет её решить.</p>\r\n<p style=\"box-sizing: inherit; margin: 0px 0px 1.5em; color: #656269; font-family: \'PT Sans\'; font-size: 15px;\"><strong style=\"box-sizing: inherit;\">5. Упрямство.&nbsp;</strong></p>\r\n<p style=\"box-sizing: inherit; margin: 0px 0px 1.5em; color: #656269; font-family: \'PT Sans\'; font-size: 15px;\">Большинство стартапов занимаются не тем, к чему изначально стремились. Нужно подготовиться к тому, чтобы заметить идею получше, когда она появится. Но и переключаться на новую идею раз в неделю тоже не вариант. Смотрите, олицетворяют ли новые идеи некое развитие. Если для каждой новой идеи можно использовать большую часть того, что уже сделано &ndash; значит, вы на пути прогресса. Если вы хотите внедрить нечто новое, и это очень нравится вашим пользователям &ndash; значит, всё идёт, как надо.</p>\r\n<p style=\"box-sizing: inherit; margin: 0px 0px 1.5em; color: #656269; font-family: \'PT Sans\'; font-size: 15px;\"><strong style=\"box-sizing: inherit;\">6. Найм плохих программистов</strong></p>\r\n<p style=\"box-sizing: inherit; margin: 0px 0px 1.5em; color: #656269; font-family: \'PT Sans\'; font-size: 15px;\">Бизнесмены не знают, как отличить хороших программистов от плохих.</p>\r\n<p style=\"box-sizing: inherit; margin: 0px 0px 1.5em; color: #656269; font-family: \'PT Sans\'; font-size: 15px;\"><strong style=\"box-sizing: inherit;\">7. Выбор неправильной платформы.</strong></p>\r\n<p style=\"box-sizing: inherit; margin: 0px 0px 1.5em; color: #656269; font-family: \'PT Sans\'; font-size: 15px;\">Как выбрать правильную? Обычно &ndash; нанять хороших программистов, чтобы они выбрали. А можно посетить компьютерный отдел крутой компании и посмотреть, что они используют в исследовательских проектах.</p>\r\n<p style=\"box-sizing: inherit; margin: 0px 0px 1.5em; color: #656269; font-family: \'PT Sans\'; font-size: 15px;\"><strong style=\"box-sizing: inherit;\">8. Медленный запуск</strong></p>\r\n<p style=\"box-sizing: inherit; margin: 0px 0px 1.5em; color: #656269; font-family: \'PT Sans\'; font-size: 15px;\">Вы полностью поймёте идею, опробовав её на пользователях.</p>\r\n<p style=\"box-sizing: inherit; margin: 0px 0px 1.5em; color: #656269; font-family: \'PT Sans\'; font-size: 15px;\"><strong style=\"box-sizing: inherit;\">9. Слишком ранний запуск</strong></p>\r\n<p style=\"box-sizing: inherit; margin: 0px 0px 1.5em; color: #656269; font-family: \'PT Sans\'; font-size: 15px;\">Поставьте общую цель, и затем напишите самую мелкую её часть, которая имеет какую-то ценность. Самые ранние пользователи, которых вам нужно впечатлить, достаточно толерантны. Им не надо, чтобы новый продукт умел всё &ndash; он должен уметь хоть что-то.</p>\r\n<p style=\"box-sizing: inherit; margin: 0px 0px 1.5em; color: #656269; font-family: \'PT Sans\'; font-size: 15px;\"><strong style=\"box-sizing: inherit;\">10. Отсутствие чёткого портрета пользователя</strong></p>\r\n<p style=\"box-sizing: inherit; margin: 0px 0px 1.5em; color: #656269; font-family: \'PT Sans\'; font-size: 15px;\">Нельзя сделать что-то хорошее для пользователей, не понимая их.</p>\r\n<p style=\"box-sizing: inherit; margin: 0px 0px 1.5em; color: #656269; font-family: \'PT Sans\'; font-size: 15px;\"><strong style=\"box-sizing: inherit;\">11. Слишком маленькие инвестиции</strong></p>\r\n<p style=\"box-sizing: inherit; margin: 0px 0px 1.5em; color: #656269; font-family: \'PT Sans\'; font-size: 15px;\">Если вы получаете деньги от инвесторов, вам необходимо получить достаточно средств для следующего шага. Обычно нужно достичь чего-то заметного: от идеи перейти к рабочему прототипу, от прототипа &ndash; к запуску, от запуска &ndash; к заметному росту.</p>\r\n<p style=\"box-sizing: inherit; margin: 0px 0px 1.5em; color: #656269; font-family: \'PT Sans\'; font-size: 15px;\"><strong style=\"box-sizing: inherit;\">12. Слишком большие траты</strong></p>\r\n<p style=\"box-sizing: inherit; margin: 0px 0px 1.5em; color: #656269; font-family: \'PT Sans\'; font-size: 15px;\">Классический пример сжигания денег &ndash; найм слишком большого числа сотрудников. Не нанимайте слишком многих. Платите людям акциями без фиксированных дивидендов &ndash; не только для экономии, но и для поиска преданных людей. И нанимайте только тех, кто либо будет писать код, либо искать пользователей &ndash; только такие люди вам нужны в первую очередь.</p>\r\n<p style=\"box-sizing: inherit; margin: 0px 0px 1.5em; color: #656269; font-family: \'PT Sans\'; font-size: 15px;\"><strong style=\"box-sizing: inherit;\">13. Слишком большие инвестиции</strong></p>\r\n<p style=\"box-sizing: inherit; margin: 0px 0px 1.5em; color: #656269; font-family: \'PT Sans\'; font-size: 15px;\">С большой суммой денег сложнее менять направление. Чем больше у вас людей, тем чаще вы остаётесь направленными в одну сторону.</p>\r\n<p style=\"box-sizing: inherit; margin: 0px 0px 1.5em; color: #656269; font-family: \'PT Sans\'; font-size: 15px;\"><strong style=\"box-sizing: inherit;\">14. Плохие советы от инвесторов</strong></p>\r\n<p style=\"box-sizing: inherit; margin: 0px 0px 1.5em; color: #656269; font-family: \'PT Sans\'; font-size: 15px;\">Их нельзя игнорировать, у них могут быть полезные идеи. Но нельзя позволять им управлять компанией.</p>\r\n<p style=\"box-sizing: inherit; margin: 0px 0px 1.5em; color: #656269; font-family: \'PT Sans\'; font-size: 15px;\"><strong style=\"box-sizing: inherit;\">15. Жертвование пользователями в угоду прибылям</strong></p>\r\n<p style=\"box-sizing: inherit; margin: 0px 0px 1.5em; color: #656269; font-family: \'PT Sans\'; font-size: 15px;\">Поскольку делать что-то, нужное людям, сложнее, чем делать на этом деньги, бизнес-модель лучше оставить на потом.</p>\r\n<p style=\"box-sizing: inherit; margin: 0px 0px 1.5em; color: #656269; font-family: \'PT Sans\'; font-size: 15px;\"><strong style=\"box-sizing: inherit;\">16. Нежелание пачкать руки</strong></p>\r\n<p style=\"box-sizing: inherit; margin: 0px 0px 1.5em; color: #656269; font-family: \'PT Sans\'; font-size: 15px;\">Для привлечения пользователей придётся оторваться от компьютера и пойти их искать</p>\r\n<p style=\"box-sizing: inherit; margin: 0px 0px 1.5em; color: #656269; font-family: \'PT Sans\'; font-size: 15px;\"><strong style=\"box-sizing: inherit;\">17. Ссоры между основателями</strong></p>\r\n<p style=\"box-sizing: inherit; margin: 0px 0px 1.5em; color: #656269; font-family: \'PT Sans\'; font-size: 15px;\">Рекомендуем основателям разработать процедуру спокойного ухода из компании. Большинство споров случаются не из-за ситуаций, а из-за людей. Люди &ndash; самый главный компонент стартапа, поэтому не ищите там компромиссов.</p>\r\n<p style=\"box-sizing: inherit; margin: 0px 0px 1.5em; color: #656269; font-family: \'PT Sans\'; font-size: 15px;\"><strong style=\"box-sizing: inherit;\">18. Работа спустя рукава</strong></p>\r\n<p style=\"box-sizing: inherit; margin: 0px 0px 1.5em; color: #656269; font-family: \'PT Sans\'; font-size: 15px;\">Большинство основателей провалившихся стартапов не увольнялись с постоянной работы, а большинство основателей удавшихся &ndash; увольнялись.</p>\r\n<p style=\"box-sizing: inherit; margin: 0px 0px 1.5em; color: #656269; font-family: \'PT Sans\'; font-size: 15px;\">По версии Пола Грэхема.</p>','news/October2017/18-2.jpg','2017-10-13 07:15:53','2017-10-13 07:15:53',NULL,NULL),(29,'Сбербанк открыл прием заявок на конкурс «Продвижение»','2016-04-12','<p style=\"box-sizing: inherit; margin: 0px 0px 1.5em; color: #656269; font-family: \'PT Sans\'; font-size: 15px;\">В конкурсе могут принять команды или индивидуальные участники из России и зарубежья. Новый продукт или сервис должен будет удовлетворять актуальную потребность частных или корпоративных клиентов Сбербанка. Это должно быть мобильное приложение с понятной стратегией монетизации или транзакционной составляющей.</p>\r\n<p style=\"box-sizing: inherit; margin: 0px 0px 1.5em; color: #656269; font-family: \'PT Sans\'; font-size: 15px;\">Лучшие проекты сразятся в Москве 3 июня этого года. Жюри будет оценивать потенциал удовлетворения потребности клиента, технологичность представленного решения, дизайн и креативную составляющую приложения. Авторы лучших решений получат подарки от партнеров конкурса, а победитель &mdash; 650 тысяч рублей на разработку прототипа до уровня бета-версии приложения на базе программы Сбербанка &laquo;Единая фронтальная система&raquo;.</p>\r\n<p style=\"box-sizing: inherit; margin: 0px 0px 1.5em; color: #656269; font-family: \'PT Sans\'; font-size: 15px;\">Заявки&nbsp;<a style=\"box-sizing: inherit; background-color: transparent; color: #4cadc9; text-decoration-line: none;\" href=\"https://habrahabr.ru/article/326042/\" target=\"_blank\" rel=\"noopener\">принимаются</a>&nbsp;до 10 мая, к ним необходимо приложить описание своей идеи или ссылку на прототип.</p>','news/October2017/Sberbank-million-2-870x500.jpg','2017-10-13 07:16:31','2017-10-13 07:16:31',NULL,NULL),(30,'STARTUP TOUR 2017 открыт!','2016-04-12','<p style=\"box-sizing: inherit; margin: 0px 0px 1.5em; color: #656269; font-family: \'PT Sans\'; font-size: 15px;\">В этом году более 500 участников будут бороться за участие в программе Фонда &laquo;Сколково&raquo;. Сегодня гостей ожидает образовательная программа и мастер-классы.</p>\r\n<p style=\"box-sizing: inherit; margin: 0px 0px 1.5em; color: #656269; font-family: \'PT Sans\'; font-size: 15px;\">Общение с инвесторами, экспертами и менторами. Поддержка инновационных проектов по трем направлениям: индустриальное, биомедицинское и IT.</p>\r\n<p style=\"box-sizing: inherit; margin: 0px 0px 1.5em; color: #656269; font-family: \'PT Sans\'; font-size: 15px;\">Среди участников тура есть и вологжане, резиденты Вологодского Бизнес-инкубатора: всего 7 проектов было отобрано оргкомитетом STARTUP TOUR 2017.</p>\r\n<p style=\"box-sizing: inherit; margin: 0px 0px 1.5em; color: #656269; font-family: \'PT Sans\'; font-size: 15px;\">Наш проект заинтересовал архангельские СМИ. Евгений Бахтенко, резидент Вологодского Бизнес-инкубатора, рассказал журналистам о проекте &laquo;Мультиагентной интеллектуальной системы контекстно-зависимого анализа контрагентов на основе технологии блокчейн&raquo;.</p>\r\n<p style=\"box-sizing: inherit; margin: 0px 0px 1.5em; color: #656269; font-family: \'PT Sans\'; font-size: 15px;\"><a style=\"box-sizing: inherit; background-color: transparent; color: #4cadc9; text-decoration-line: none;\" href=\"http://economy.gov35.ru/press-centre/news/STARTUP_TOUR_2017_otkrit_2493/\">источник</a></p>','news/October2017/main-870x500.jpg','2017-10-13 07:17:01','2017-10-13 07:17:01',NULL,NULL),(31,'ФНС поручила инспекторам снизить давление на бизнес','2016-04-17','<p style=\"box-sizing: inherit; margin: 0px 0px 1.5em; color: #656269; font-family: \'PT Sans\'; font-size: 15px;\">Федеральная налоговая служба обратилась к своим инспекторам с призывом перестать доначислять налоги за формальные нарушения &mdash; например, за неверную подпись в документах. Вместо этого сотрудники ФНС должны проверять реальность операции,&nbsp;<a style=\"box-sizing: inherit; background-color: transparent; color: #4cadc9; text-decoration-line: none;\" href=\"https://www.vedomosti.ru/economics/articles/2017/04/17/685858-nalogoviki-oslabit-davlenie\" target=\"_blank\" rel=\"noopener noreferrer\">пишут</a>&nbsp;&laquo;Ведомости&raquo; со ссылкой на документ.</p>\r\n<p style=\"box-sizing: inherit; margin: 0px 0px 1.5em; color: #656269; font-family: \'PT Sans\'; font-size: 15px;\">Теперь инспекторы должны будут сконцентрировать внимание на проверке реальности и законности действий компаний. Для этого им нужно будет использовать новые критерии для проверки связи организаций с партнёрами (например, наличие лицензии на выполнение работ) и проверять сделки на соответствие общей бизнес-логике.</p>\r\n<p style=\"box-sizing: inherit; margin: 0px 0px 1.5em; color: #656269; font-family: \'PT Sans\'; font-size: 15px;\">Кроме того, налоговые службы иногда начисляли налоги за нарушения организаций во втором и последующих звеньях цепочки контрагентов, пояснили опрошенные газетой юристы. По их словам, письмо должно исправить эту практику, однако самим компаниям нужно будет проверять только первого контрагента из цепочки при условии, что именно он выполняет услугу, а не передаёт её на субподряд.</p>\r\n<p style=\"box-sizing: inherit; margin: 0px 0px 1.5em; color: #656269; font-family: \'PT Sans\'; font-size: 15px;\">&laquo;Ведомости&raquo; указывают, что в последнее время предприниматели стали часто жаловаться на начисление дополнительных налогов из-за формальных нарушений, причём суды поддерживали позицию ФНС. Из-за &laquo;пробюджетной позиции судов&raquo; компаний почти полностью перестали пытаться оспаривать такие решения, добавил управляющий партнер &laquo;Щекин и партнеры&raquo; Денис Щекин.</p>','news/October2017/mz2-800x500.jpg','2017-10-13 07:17:36','2017-10-13 07:17:36',NULL,NULL),(32,'Итальянский стартап EzLab создал блокчейн-платформу для производителей вин','2016-04-17','<p style=\"box-sizing: inherit; margin: 0px 0px 1.5em; color: #656269; font-family: \'PT Sans\'; font-size: 15px;\">Итальянский стартап&nbsp;<a style=\"box-sizing: inherit; background-color: transparent; color: #4cadc9; text-decoration-line: none;\" href=\"http://www.ezlab.it/\" target=\"_blank\" rel=\"noopener\">EzLab</a>&nbsp;совместно с компанией&nbsp;<a style=\"box-sizing: inherit; background-color: transparent; color: #4cadc9; text-decoration-line: none;\" href=\"http://www.ey.com/ru/en/home\" target=\"_blank\" rel=\"noopener\">EY</a>&nbsp;создали платформу на основе блокчейна для координации поставок винной продукции.</p>\r\n<p style=\"box-sizing: inherit; margin: 0px 0px 1.5em; color: #656269; font-family: \'PT Sans\'; font-size: 15px;\">Сообщается, что платформа будет работать на смарт-контрактах Ethereum. Потребитель сможет получить информацию о качестве, происхождении, особенностях выращивания, процесса переработки и производства напитка через QR-код на этикетке бутылки. Разработчики надеются, что такой подход повысит уровень доверия со стороны потребителя к производителям винной продукции.</p>\r\n<p style=\"box-sizing: inherit; margin: 0px 0px 1.5em; color: #656269; font-family: \'PT Sans\'; font-size: 15px;\">Кроме этого нововведение сможет помочь решить проблему контрафактной продукции и демпинга цен.</p>\r\n<p style=\"box-sizing: inherit; margin: 0px 0px 1.5em; color: #656269; font-family: \'PT Sans\'; font-size: 15px;\">Первые вина, сертифицированные через блокчейн-платформу, поступят в магазины в течение ближайших нескольких дней, а также будут доступны в интернет-магазинах. Издание пишет, что это будет вино Falanghina Wine от Cantina Volpone.</p>','news/October2017/vine.jpg','2017-10-13 07:18:23','2017-10-13 07:18:23',NULL,NULL),(33,'Российский комбайн беспилотник','2016-04-24','<p style=\"box-sizing: inherit; margin: 0px 0px 1.5em; color: #656269; font-family: \'PT Sans\'; font-size: 15px;\">Российские инженеры работают над созданием автопилота для сельхозтехники.</p>\r\n<div style=\"box-sizing: inherit; color: #656269; font-family: \'PT Sans\'; font-size: 15px;\">Специалисты из российской компании Cognitive Technologies&nbsp; уже &laquo;научили&raquo; систему держать руль и помогать водителю не сбиваться с курса.</div>\r\n<div style=\"box-sizing: inherit; color: #656269; font-family: \'PT Sans\'; font-size: 15px;\">&nbsp;</div>\r\n<div style=\"box-sizing: inherit; color: #656269; font-family: \'PT Sans\'; font-size: 15px;\">Система глубокого обучения нейронных сетей весь прошлый год изучала различные ситуации, с которой ей предстоит столкнуться в поле. Для этого разработчики долго собирали и кропотливо отсортировывали видео- и фотоматериалы, отснятые на полях с помощью комбайна, оборудованного камерами.</div>\r\n<div style=\"box-sizing: inherit; color: #656269; font-family: \'PT Sans\'; font-size: 15px;\">&nbsp;</div>\r\n<div style=\"box-sizing: inherit; color: #656269; font-family: \'PT Sans\'; font-size: 15px;\">В текущем её виде программа сможет работать только в паре с водителем, который обязательно должен присутствовать в кабине, но разработка ещё не завершена, поэтому не исключено, что когда её доведут до ума, комбайны смогут работать полностью в автономном режиме. На создание технологии выделено 34 миллиона рублей. Полноценный комбайн-беспилотник планируют представить к 2024 году.</div>','news/October2017/e8c7b3be4dc5cb06ff5100ed697abcd9.jpg','2017-10-13 07:20:26','2017-10-13 07:20:26',NULL,NULL),(34,'Летающий автомобиль от Ларри Пейджа со скидкой','2016-04-25','<p style=\"box-sizing: inherit; margin: 0px 0px 1.5em; color: #656269; font-family: \'PT Sans\'; font-size: 15px;\">Американская компания Kitty Hawk, в которую инвестировал сооснователь Google Ларри Пейдж, показала первый прототип своего &laquo;летающего автомобиля&raquo; Flyer.<br style=\"box-sizing: inherit;\" />Одноместный транспорт весит около 100 кг, он способен развивать скорость до 25 миль в час (40 км/ч). Flyer работает по принципу вертикального взлёта и посадки, работу транспорта обеспечивают восемь роторов, которые полностью работают на электроэнергии.<br style=\"box-sizing: inherit;\" />Kitty Hawk планирует запустить продажи Flyer в конце 2017 года.</p>\r\n<p style=\"box-sizing: inherit; margin: 0px 0px 1.5em; color: #656269; font-family: \'PT Sans\'; font-size: 15px;\">Компания пока не определилась с ценой транспорта, но предложила скидку в $2000 клиентам, готовым сейчас заплатить $100 в качестве членского взноса, который также даст доступ к лётному тренажёру и мероприятиям Kitty Hawk.</p>','news/October2017/cwapxdlcvwwkwtnhv942-870x500.jpg','2017-10-13 07:21:03','2017-10-13 07:21:03',NULL,NULL),(35,'Создан 2D-материал, проводящий электричество со скоростью света','2016-04-27','<p style=\"box-sizing: inherit; margin: 0px 0px 1.5em; color: #656269; font-family: \'PT Sans\'; font-size: 15px;\">Физики Калифорнийского университета в Ирвайне с коллегами из научных центров других стран открыли новый двумерный материал с прорывными свойствами. Сайт Phys.org пишет, что блоки такого материала могут быть использованы в квантовых компьютерах и в другой высокопроизводительной технике будущего.</p>\r\n<p style=\"box-sizing: inherit; margin: 0px 0px 1.5em; color: #656269; font-family: \'PT Sans\'; font-size: 15px;\">Ученые синтезировали соединение теллурид хрома германия (ТХГ) с уникальными свойствами. Чтобы изучить физику процессов, проходящих в полученном ими 2D-материале, они взяли крошечную чешуйку соединения &mdash; в два атома толщиной. Ученые пришли к выводу, что ТХГ сможет значительно увеличить мощность и скорость вычислительной техники.</p>\r\n<p style=\"box-sizing: inherit; margin: 0px 0px 1.5em; color: #656269; font-family: \'PT Sans\'; font-size: 15px;\">Этот материал отличается от кремния, который используется в современной вычислительной технике, тем, что проводит электричество почти со скоростью света. В кремнии заряд переносят электроны, а в новом материале это происходит за счет фермионов Дирака или Майораны &mdash; элементарных частиц без стабильной массы, которые передвигаются со скоростью света. За счет такой невероятной скорости передачи информации и ожидается увеличение производительности компьютеров будущего.</p>','news/October2017/27117-870x500.jpg','2017-10-13 07:21:40','2017-10-13 07:21:40',NULL,NULL),(36,'S7 Airlines открыла прием заявок на хакатон для разработчиков','2016-04-29','<p style=\"box-sizing: inherit; margin: 0px 0px 1.5em; color: #656269; font-family: \'PT Sans\'; font-size: 15px;\">S7 Airlines&nbsp;<a style=\"box-sizing: inherit; background-color: transparent; color: #4cadc9; text-decoration-line: none;\" href=\"https://www.s7.ru/home/offers/hackathon/index.dot\" target=\"_blank\" rel=\"noopener noreferrer\">проведет</a>&nbsp;хакатон для поиска современных технологических решений в области пассажирского опыта, сообщили vc.ru представители авиакомпании. Финал конкурса пройдет 20-21 мая в Москве, призовой фонд составляет 600 тысяч рублей.</p>\r\n<p style=\"box-sizing: inherit; margin: 0px 0px 1.5em; color: #656269; font-family: \'PT Sans\'; font-size: 15px;\">Хакатон рассчитан на программистов, веб-дизайнеров, авторов проектов в сфере мобильных и веб-приложений со всей России.</p>\r\n<p style=\"box-sizing: inherit; margin: 0px 0px 1.5em; color: #656269; font-family: \'PT Sans\'; font-size: 15px;\">В качестве основных номинаций выделены:</p>\r\n<ul style=\"box-sizing: inherit; margin-top: 0px; margin-bottom: 12px; padding-top: 12px; padding-bottom: 12px; color: #656269; font-family: \'PT Sans\'; font-size: 15px;\">\r\n<li style=\"box-sizing: inherit; padding: 0px 0px 11px; list-style: none; position: relative;\">&laquo;Big Data​&raquo;, приз 200 тысяч рублей.</li>\r\n<li style=\"box-sizing: inherit; padding: 0px 0px 11px; list-style: none; position: relative;\">&laquo;Финансы&raquo;, приз 100 тысяч рублей.</li>\r\n<li style=\"box-sizing: inherit; padding: 0px 0px 11px; list-style: none; position: relative;\">&laquo;Чат-бот&raquo;, приз 100 тысяч рублей.</li>\r\n<li style=\"box-sizing: inherit; padding: 0px 0px 11px; list-style: none; position: relative;\">&laquo;Gamification&raquo;, приз 100 тысяч рублей.</li>\r\n<li style=\"box-sizing: inherit; padding: 0px; list-style: none; position: relative;\">&laquo;Пассажирский опыт #займисьсчастьем&raquo;, приз 100 тысяч рублей.</li>\r\n</ul>\r\n<p style=\"box-sizing: inherit; margin: 0px 0px 1.5em; color: #656269; font-family: \'PT Sans\'; font-size: 15px;\">Первенство пройдёт в два этапа. В рамках отборочного тура, который продлится до 10 мая, участникам нужно будет решить пробное задание в рамках номинаций Big Data и &laquo;Финансы&raquo;, а также предложить идеи и решения для других номинаций.</p>\r\n<p style=\"box-sizing: inherit; margin: 0px 0px 1.5em; color: #656269; font-family: \'PT Sans\'; font-size: 15px;\">По итогам отборочного тура жюри отберёт лучшие работы и составит 50 команд, которые примут участие в финале хакатона в Москве 20-21 мая.</p>\r\n<p style=\"box-sizing: inherit; margin: 0px 0px 1.5em; color: #656269; font-family: \'PT Sans\'; font-size: 15px;\">Кроме того, S7 обещает возможность трудоустройства в компании, а также грант на поездку в Европу для всей команды, сертификат с милями и другие призы от партнёров хакатона.</p>','news/October2017/Aviakompaniya-S7-Airlines-870x500.jpg','2017-10-13 07:22:03','2017-10-13 07:22:03',NULL,NULL),(37,'Финтех — наше все! Новости инвестиций в отрасли','2016-05-02','<p style=\"box-sizing: inherit; margin: 0px 0px 1.5em; color: #656269; font-family: \'PT Sans\'; font-size: 15px;\"><strong style=\"box-sizing: inherit;\">Инвестхолдинг Finstar</strong>&nbsp;российского миллиардера Олега Бойко решил дополнительно инвестировать $150 млн в стартапы в области финансовых технологий в течение пяти лет. Компания готова выделять от $1 млн до $10 млн быстрорастущим проектам.</p>\r\n<p style=\"box-sizing: inherit; margin: 0px 0px 1.5em; color: #656269; font-family: \'PT Sans\'; font-size: 15px;\"><strong style=\"box-sizing: inherit;\">Фонд DST Global</strong>&nbsp;Юрия Мильнера стал лид-инвестором раунда C, в ходе которого сервис для торговли акциями без комиссии Robinhood привлёк $110 млн при оценке в $1,3 млрд.</p>\r\n<p style=\"box-sizing: inherit; margin: 0px 0px 1.5em; color: #656269; font-family: \'PT Sans\'; font-size: 15px;\">PS: если у вас есть идея, прототип или проект в этом направлении &mdash; смелей на ropp.ru</p>','news/October2017/Fintech-1.jpg','2017-10-13 07:22:31','2017-10-13 07:22:31',NULL,NULL),(38,'Разработчик FindFace привлёк $1,5 млн от фонда Абрамовича и топ-менеджера Tele2','2016-05-11','<p style=\"box-sizing: inherit; margin: 0px 0px 1.5em; color: #656269; font-family: \'PT Sans\'; font-size: 15px;\">Российский стартап NTechLab, разработавший алгоритм распознавания лиц, привлёк $1,5 млн от фонда Impulse VC, связанного с Романом Абрамовичем, и группы частных инвесторов во главе с первым заместителем гендиректора Tele2 Александром Провоторовым.</p>\r\n<p style=\"box-sizing: inherit; margin: 0px 0px 1.5em; color: #656269; font-family: \'PT Sans\'; font-size: 15px;\">Привлечённые средства стартап направит на разработку новых продуктов и дальнейшее развитие технологий. Сейчас NTechLab разрабатывает решение в области безопасности, необходимое в работе госструктур и спецслужб. Речь идёт о программе, которая позволит находить людей по доступным спецслужбам базам и работать с их документами, рассказал Кабаков.</p>\r\n<p style=\"box-sizing: inherit; margin: 0px 0px 1.5em; color: #656269; font-family: \'PT Sans\'; font-size: 15px;\">Помимо этого компания намерена развивать отдельный продукт для ритейла &mdash; он поможет распознавать покупателя, его предпочтения и даже эмоции, а также отслеживать при входе в магазин VIP-клиентов и потенциально опасных покупателей.</p>','news/October2017/062616_050212136542.jpg','2017-10-13 07:22:54','2017-10-13 07:22:54',NULL,NULL),(39,'Эксклюзивное интервью Олега Кивокурцева (комапния Promobot) для нашего портала','2016-05-15','<p style=\"box-sizing: inherit; margin: 0px 0px 1.5em; color: #656269; font-family: \'PT Sans\'; font-size: 15px;\">В разделе &laquo;МЕДИА&raquo; стал доступен второй выпуск нашего проекта &laquo;ПРОРЫВ&raquo;. В этот раз о планах своей компании на грядущий год рассказал Олег Кивокурцев, вошедший в топ-30 молодых технологических предпринимателей Европы по версии Forbes &nbsp;(компания PROMOBOT).</p>','news/October2017/kivokurtsev-oleg-1024x633-870x500.jpg','2017-10-13 07:23:34','2017-10-13 07:23:34',NULL,NULL),(40,'«Стартап Академия» от «Перспективных проектов» — только самое полезное для создания успешного стартапа','2016-05-30','<p style=\"box-sizing: inherit; margin: 0px 0px 1.5em; color: #656269; font-family: \'PT Sans\'; font-size: 15px;\">Мы с радостью представляем новую образовательную рубрику &mdash; &laquo;Стартап Академия&raquo;. Первый выпуск уже готов и посвящен общим вопросам мотивации и достижения целей при работе над новым проектом или стартапом &mdash; как собраться с силами, не бросить все при первых сложностях и добиться реального успеха. Сейчас мы готовим видео уроки по проведению презентаций и переговоров с представителями венчурных фондов, по вопросам патентного законодательства и другим актуальным для молодых предпринимателей темам!</p>\r\n<p style=\"box-sizing: inherit; margin: 0px 0px 1.5em; color: #656269; font-family: \'PT Sans\'; font-size: 15px;\">А пока &mdash;<a style=\"box-sizing: inherit; background-color: transparent; color: #4cadc9; text-decoration-line: none;\" href=\"http://ropp.ru/media/startupacademy/\">&nbsp;премьера по ссылке</a></p>','news/October2017/123-870x500.jpg','2017-10-13 07:24:04','2017-10-13 07:24:04',NULL,NULL),(41,'Startup Village VS «Перспективные Проекты»','2016-06-08','<p style=\"box-sizing: inherit; margin: 0px 0px 1.5em; color: #656269; font-family: \'PT Sans\'; font-size: 15px;\">Команда платформы для предпринимателей &laquo;Перспективные Проекты&raquo; вернулась с&nbsp;&nbsp;масштабной стартап-конференции для технологических предпринимателей, организуемой&nbsp;Фондом &laquo;Сколково&raquo;&nbsp;Startup Village.</p>\r\n<p style=\"box-sizing: inherit; margin: 0px 0px 1.5em; color: #656269; font-family: \'PT Sans\'; font-size: 15px;\">Это были насыщенные 2 дня полные общения, новых знакомств и уникальной информации!</p>\r\n<p style=\"box-sizing: inherit; margin: 0px 0px 1.5em; color: #656269; font-family: \'PT Sans\'; font-size: 15px;\">У нас стало еще больше друзей и партнеров, поэтому в ближайшее время ждите новые материалы и новых героев на всех медиа-площадках портала &laquo;Перспективные Проекты&raquo;.</p>','news/October2017/DSC_5048-870x500.jpg','2017-10-13 07:24:38','2017-10-13 07:24:38',NULL,NULL),(42,'В Госдуму внесли законопроект о запрете анонимайзеров и VPN','2016-06-08','<p style=\"box-sizing: inherit; margin: 0px 0px 1.5em; color: #656269; font-family: \'PT Sans\'; font-size: 15px;\">Эффективности блокировок, считают авторы законопроекта, в&nbsp;частности мешает &laquo;возможность обнаружить ссылки на&nbsp;заблокированные ресурсы в&nbsp;результатах поисковых выдач&raquo; и&nbsp;&laquo;возможность использовать технологии,&nbsp;позволяющие получить доступ к&nbsp;заблокированным информационным ресурсам&raquo;.</p>\r\n<p style=\"box-sizing: inherit; margin: 0px 0px 1.5em; color: #656269; font-family: \'PT Sans\'; font-size: 15px;\">Законопроект предлагает установить запрет на&nbsp;использование на&nbsp;территории РФ&nbsp;&laquo;информационно-телекоммуникационных сетей, информационных систем и&nbsp;программ для ЭВМ для получения доступа к&nbsp;информационным ресурсам, в&nbsp;том числе сайтам или страницам сайтов в&nbsp;сети интернет, доступ к&nbsp;которым на&nbsp;территории РФ&nbsp;ограничен&raquo;.</p>\r\n<p style=\"box-sizing: inherit; margin: 0px 0px 1.5em; color: #656269; font-family: \'PT Sans\'; font-size: 15px;\">Депутаты предлагают ограничивать доступ к&nbsp;&laquo;информационным ресурсам&raquo;, предоставляющим доступ к&nbsp;технологиям по&nbsp;обходу блокировок.</p>\r\n<p style=\"box-sizing: inherit; margin: 0px 0px 1.5em; color: #656269; font-family: \'PT Sans\'; font-size: 15px;\">Поисковики, говорится в&nbsp;законопроекте, обязаны будут прекращать на&nbsp;территории России выдачу ссылок на&nbsp;заблокированные в&nbsp;РФ&nbsp;информационные ресурсов.</p>\r\n<p style=\"box-sizing: inherit; margin: 0px 0px 1.5em; color: #656269; font-family: \'PT Sans\'; font-size: 15px;\">Из-под действия законопроекта предлагается вывести &laquo;владельцев информационно-телекоммуникационных сетей, информационных систем или программ для ЭВМ, которые могут использоваться на&nbsp;территории РФ&nbsp;для обхода ограничения доступа&raquo;, если возможность &laquo;обхода блокировок&raquo; они предоставляют только своим сотрудникам.</p>','news/October2017/tornetwork_logo-100047531-orig.png','2017-10-13 07:25:07','2017-10-13 07:25:07',NULL,NULL),(43,'Студент из Екатеринбурга изобрел и запатентовал подушку безопасности для пешеходов','2016-06-14','<p style=\"box-sizing: inherit; margin: 0px 0px 1.5em; color: #656269; font-family: \'PT Sans\'; font-size: 15px;\">Студент второго курса уральского вуза Юрий Юскаев изобрел и запатентовал систему защиты пешеходов при столкновении с автомобилем. Со своим изобретением он вошел в число финалистов ежегодного конкурса Всероссийского общества изобретателей и рационализаторов.</p>\r\n<p style=\"box-sizing: inherit; margin: 0px 0px 1.5em; color: #656269; font-family: \'PT Sans\'; font-size: 15px;\">По словам Юрия, проблемой защиты пешеходов в ДТП он занимается уже не первый год, но реальные результаты стали появляться лишь недавно.</p>\r\n<p style=\"box-sizing: inherit; margin: 0px 0px 1.5em; color: #656269; font-family: \'PT Sans\'; font-size: 15px;\">Юрий ведет свой канал на YouTube, где выкладывает видеозаписи импровизированных краш-тестов и ролики, объясняющие механизм работы подушек безопасности для пешеходов. Параллельно он рассылает информацию о своем изобретении производителям автомобилей и подает заявки на получение грантов, чтобы собрать деньги на изготовление опытного образца конструкции.</p>','news/October2017/11p_podushka_eburg_d_850-870x500.jpg','2017-10-13 07:25:33','2017-10-13 07:25:33',NULL,NULL),(44,'В России изобрели вечные пломбы, защищающие от кариеса','2016-06-14','<p style=\"box-sizing: inherit; margin: 0px 0px 1.5em; color: #656269; font-family: \'PT Sans\'; font-size: 15px;\">Группа исследователей, представляющих НИТУ &laquo;МИСиС&raquo;, а также некоторые другие российские научные организации, сообщили, что ими разработан наноматериал, способный продлить срок службы пломбы и обеспечить постоянную защиту зубов от кариеса и иного воздействия микробов. Свою разработку специалисты склонны считать своего рода технологической революцией в стоматологии.</p>\r\n<p style=\"box-sizing: inherit; margin: 0px 0px 1.5em; color: #656269; font-family: \'PT Sans\'; font-size: 15px;\">В состав наночастиц, о которых идёт речь, входит, в том числе, оксиды титана, железа, цинка и некоторых других металлов. Эти вещества, как показал ряд экспериментов, способны даже в небольших концентрациях убивать вредные бактерии примерно так же, как это делают бактерии или вырабатываемые самим организмом ферменты. Особую антибактериальную добавку с применением наночастиц учёные предлагают использовать как при изготовлении пломб, так и при создании других стоматологических материалов.</p>\r\n<p style=\"box-sizing: inherit; margin: 0px 0px 1.5em; color: #656269; font-family: \'PT Sans\'; font-size: 15px;\">При нанесении наноматериала на поверхность пломбы позволяют, во-первых, снизить вероятность её выпадения, а во-вторых &mdash; появления кариеса там, где пломба соприкасается с зубом. Специалисты поясняют, что микрозазор на границе пломбы со временем появляется даже в случае, если она была установлена &laquo;по всем правилам&raquo;, и в дальнейшем именно там начинают размножаться различные бактерии и появляются следы кариеса. Наночастицы, как рассчитывают разработчики, позволят эту проблему решить. Как сообщается, &laquo;вечные&raquo; пломбы уже одобрены Росздравнадзором.</p>','news/October2017/11p_podushka_eburg_d_850-1.jpg','2017-10-13 07:26:00','2017-10-13 07:26:00',NULL,NULL),(45,'Основатели самого успешного в России издателя игр из города Вологда — компании Playrix; об управлении распределенной командой','2016-06-14','<p style=\"box-sizing: inherit; margin: 0px 0px 1.5em; color: #656269; font-family: \'PT Sans\'; font-size: 15px;\">Рассказывают основатели Playrix Игорь и Дмитрий Бухманы:</p>\r\n<p style=\"box-sizing: inherit; margin: 0px 0px 1.5em; color: #656269; font-family: \'PT Sans\'; font-size: 15px;\">На текущий момент в штате компании около 280 человек, которые работают из более чем 50 городов. Наш центральный офис находится в Вологде, откуда всё и начиналось. Интересно, что сейчас удаленных сотрудников уже больше, чем работников в Вологде. И в целом удалённая часть команды растет гораздо быстрее, чем офисная.</p>\r\n<p style=\"box-sizing: inherit; margin: 0px 0px 1.5em; color: #656269; font-family: \'PT Sans\'; font-size: 15px;\">Все процессы в компании ориентированы на распределённую работу. У нас нет такого, что всё управление происходит из головного офиса. Более того, в последнее время ключевых людей, которые находятся не в Вологде, становится всё больше и больше.</p>\r\n<p style=\"box-sizing: inherit; margin: 0px 0px 1.5em; color: #656269; font-family: \'PT Sans\'; font-size: 15px;\">Что касается команд, то они представляют собой микс из удалённых и офисных сотрудников. Это, кстати, относится не только к командам на проектах. То же самое можно сказать про все другие отделы в компании.</p>\r\n<p style=\"box-sizing: inherit; margin: 0px 0px 1.5em; color: #656269; font-family: \'PT Sans\'; font-size: 15px;\">Команда Fishdom сейчас состоит из более чем 40 человек. Из них около половины работают из Вологды и вторая половина &mdash; удалённо. Конкретные цифры не назвать, потому что некоторые специалисты периодически переключаются с проекта на проект и тому подобное.</p>\r\n<p style=\"box-sizing: inherit; margin: 0px 0px 1.5em; color: #656269; font-family: \'PT Sans\'; font-size: 15px;\">Если смотреть по городам, то география получается такая (в случайном порядке): Вологда, Ярославль, Москва, Каменск-Уральский, Мончегорск, Новосибирск, Чита, Кировоград, Партенит, Ростов-на-Дону, Харьков, Пятигорск, Таганрог, Ивано-Франковск, Чиангмай (Таиланд), Киев, Петрозаводск, Старая Русса, Львов, Киев, Новороссийск, Ереван, Минск.</p>\r\n<p style=\"box-sizing: inherit; margin: 0px 0px 1.5em; color: #656269; font-family: \'PT Sans\'; font-size: 15px;\">Менеджер проекта, кстати, находится в Ростове. То есть тут как раз пример команды, где менеджер удалённый.</p>\r\n<p style=\"box-sizing: inherit; margin: 0px 0px 1.5em; color: #656269; font-family: \'PT Sans\'; font-size: 15px;\">Программисты распределены по разным городам. Из 16 программистов девять человек работают из Вологды, остальные дистанционно. Художники почти все не из Вологды. Геймдизайнеры тоже распределены.</p>\r\n<p style=\"box-sizing: inherit; margin: 0px 0px 1.5em; color: #656269; font-family: \'PT Sans\'; font-size: 15px;\">Для нас удаленная работа является не просто акцентом, а основой для развития компании. Наше видение &mdash; работать с талантливыми людьми вне зависимости от их местонахождения.</p>\r\n<p style=\"box-sizing: inherit; margin: 0px 0px 1.5em; color: #656269; font-family: \'PT Sans\'; font-size: 15px;\">Ключ к успеху &mdash; хитовые продукты. Процитирую и разделю мнение руководства Supercell: &laquo;лучшие игры создаются лучшими людьми&raquo;. Задача любой компании &mdash; найти этих людей и создать для них правильные условия работы. Технологии не стоят на месте, и сейчас вполне реально построить эффективно работающую распределенную компанию. Таким образом, доступ к талантливым людям увеличивается многократно. И, кстати, я уверен, что для многих компаний это будет дешевле, а не дороже.</p>\r\n<p style=\"box-sizing: inherit; margin: 0px 0px 1.5em; color: #656269; font-family: \'PT Sans\'; font-size: 15px;\">Например, мы тесно взаимодействуем с вологодскими вузами, которые по-прежнему являются важным источником ценных кадров. Мы уже давно предлагаем различные стажировки студентам, многие из которых изначально приходят к нам без опыта. Зачастую опыт работы для нас не является обязательным критерием. Мы верим, что если у человека есть способности, то в правильных условиях он быстро разберётся.</p>\r\n<p style=\"box-sizing: inherit; margin: 0px 0px 1.5em; color: #656269; font-family: \'PT Sans\'; font-size: 15px;\">Также мы давно предлагаем людям переезд в Вологду. Это дает результаты, которые постоянно улучшаются. Мы стали замечать, что люди охотнее принимают наше предложение о переезде. Вероятно, это связано с последними успехами компании. Хорошим специалистам важно, в какой компании и над какими продуктами они работают. Мы же, в свою очередь, как раз ищем таких специалистов, которые разделяют с нами стремление создавать хитовые игры.</p>\r\n<p style=\"box-sizing: inherit; margin: 0px 0px 1.5em; color: #656269; font-family: \'PT Sans\'; font-size: 15px;\">На момент выпуска Fishdom у нас в софт-лонче была ещё одна игра в жанре Hidden Object с рабочим названием Gardenscapes. По результатам софт-лонча эта игра тоже выглядела как потенциальный хит. При этом мы увидели возможность вместо Hidden-Object-части использовать match-3, аналогично Fishdom. Мы предположили, что Gardenscapes с match-3 тоже будет успешной.</p>\r\n<p style=\"box-sizing: inherit; margin: 0px 0px 1.5em; color: #656269; font-family: \'PT Sans\'; font-size: 15px;\">За короткий срок мы сделали соответствующий билд и проверили результаты в софт-лонче в другой стране. Мы оказались правы &mdash; результаты оказались очень хорошими. Перед нами встал выбор: cделать игру с Hidden Object или с match-3. В ходе обсуждений мы решили, что сейчас для нас приоритетнее выпустить ещё один продукт в жанре match-3. Hidden-Object-игру мы тоже планируем сделать, но чуть позже.</p>\r\n<p style=\"box-sizing: inherit; margin: 0px 0px 1.5em; color: #656269; font-family: \'PT Sans\'; font-size: 15px;\">Таким образом, можно сказать, что концепты новых игр часто рождаются эволюционно, на основе опыта и решений, которые были приняты раньше.</p>\r\n<p style=\"box-sizing: inherit; margin: 0px 0px 1.5em; color: #656269; font-family: \'PT Sans\'; font-size: 15px;\">Что касается одобрения новых идей, то мы просто создаем команду из тех людей, которые, на наш взгляд, разбираются в продукте. Если всей команде кажется, что из новой идеи может получиться хит, то мы начинаем работу.</p>\r\n<p style=\"box-sizing: inherit; margin: 0px 0px 1.5em; color: #656269; font-family: \'PT Sans\'; font-size: 15px;\">При удалённой работе очень важно, чтобы ключевая информация распространялась в письменном виде. Мы не можем себе позволить, чтобы два человека в офисе что-то устно обсудили, приняли решение и реализовали. Остальная часть команды об этом не узнает и коммуникация будет нарушена. Поэтому, даже если решение было принято устно, мы всё равно записываем итог в Asana и закрываем там задачу. Это важная часть процесса распространения информации в компании. Так все остаются на одной волне.</p>\r\n<p style=\"box-sizing: inherit; margin: 0px 0px 1.5em; color: #656269; font-family: \'PT Sans\'; font-size: 15px;\">Наверное, кому-то может показаться, что это долго и неудобно, но мы пришли к такой модели ещё до того как начали работать с удаленными сотрудниками. Я думаю, что всё это актуально и для компаний с традиционной моделью разработки. Для распределённых компаний это необходимость.</p>\r\n<p style=\"box-sizing: inherit; margin: 0px 0px 1.5em; color: #656269; font-family: \'PT Sans\'; font-size: 15px;\">Помимо Asana мы также используем Slack, который является нашим основным внутренним мессенджером для общения. Для видеозвонков мы используем Skype или Hangouts. Ещё мы используем Google for Business, Dropbox и GitHub.</p>\r\n<p style=\"box-sizing: inherit; margin: 0px 0px 1.5em; color: #656269; font-family: \'PT Sans\'; font-size: 15px;\">Сейчас мы довольно быстро растем, и у нас очень широкий<a style=\"box-sizing: inherit; background-color: transparent; color: #4cadc9; text-decoration-line: none;\" href=\"http://job.playrix.com/\" target=\"_blank\" rel=\"noopener noreferrer\">список вакансий</a>. Там все позиции, которые у нас открыты на сегодня. При этом если вы обладаете опытом и претендуете на роль, которая в данный момент не опубликована на сайте, можно отправить нам резюме и сопроводительное письмо.</p>\r\n<p style=\"box-sizing: inherit; margin: 0px 0px 1.5em; color: #656269; font-family: \'PT Sans\'; font-size: 15px;\">Безусловно, мы рассмотрим интересных специалистов, что-то придумаем сразу или, как минимум, занесем в резерв. В ближайшее время мы начнем дублировать сводку по открытым позициям в LinkedIn и создадим возможность подписаться на еженедельные рассылки актуальных вакансий, поэтому следить за нашими обновлениями станет проще.</p>\r\n<p style=\"box-sizing: inherit; margin: 0px 0px 1.5em; color: #656269; font-family: \'PT Sans\'; font-size: 15px;\">Благодарим vc.ru за материал про наших земляков</p>','news/October2017/плей-848x500.jpg','2017-10-13 07:26:36','2017-10-13 07:26:36',NULL,NULL),(47,'ВолФit — 2017 и портал «Перспективные Проекты» заключили партнерское соглашение!','2016-06-15','<p style=\"box-sizing: inherit; margin: 0px 0px 1.5em; color: #656269; font-family: \'PT Sans\'; font-size: 15px;\">2-3 сентября в городе Вологда состоится межрегиональный фестиваль &laquo;ВолФИТ&raquo; &mdash; крупное событие в сфере информационных технологий. Во время фестиваля пройдут лекции от представителей успешных ИТ-компаний России, будут представлены площадки с экспонатами от российских разработчиков.</p>\r\n<p style=\"box-sizing: inherit; margin: 0px 0px 1.5em; color: #656269; font-family: \'PT Sans\'; font-size: 15px;\">Портал &laquo;Перспективные Проекты&raquo; &mdash; стратегический и медиа-партнер данного события.</p>\r\n<p style=\"box-sizing: inherit; margin: 0px 0px 1.5em; color: #656269; font-family: \'PT Sans\'; font-size: 15px;\">Следите за новостями &mdash; мы регулярно будем сообщать детали подготовки к мероприятию и организуем трансляцию самого события в дни его проведения.</p>','news/October2017/i4wHbKmOhkY-680x500.jpg','2017-10-13 07:27:48','2017-10-13 07:27:48',NULL,NULL),(48,'Сбербанк России протестировал доставку наличных денег дронами.','2016-06-16','<p style=\"box-sizing: inherit; margin: 0px 0px 1.5em; color: #656269; font-family: \'PT Sans\'; font-size: 15px;\">Сбербанк России в рамках пилотного проекта испытал беспилотный летательный аппарат для доставки наличных денег. Об этом сообщил первый зампред банка Лев Хасис.</p>\r\n<p style=\"box-sizing: inherit; margin: 0px 0px 1.5em; color: #656269; font-family: \'PT Sans\'; font-size: 15px;\">&laquo;Важный день в жизни инкассации Сбербанка. Сегодня впервые наш спецдрон в рамках пилотного проекта осуществил успешную реальную доставку наличных денег из кассового центра до инкассаторского автомобиля со скоростью около 180 км/ч&raquo;, &mdash; написал он на своей странице в Facebook.<br style=\"box-sizing: inherit;\" />По его словам, дистанция полета составила около 10 км.<br style=\"box-sizing: inherit;\" />&laquo;Будем продолжать испытания&raquo;, &mdash; добавил он.<br style=\"box-sizing: inherit;\" />Ранее зампред Сбербанка Станислав Кузнецов рассказал о том, что в Татарстане летом может начаться эксперимент по доставке наличных денег банка дронами.</p>','news/October2017/amjBAq6fNpg.jpg','2017-10-13 07:28:14','2017-10-13 07:28:14',NULL,NULL),(49,'«Цифровизация… Мы сможем это сделать!» — В.В. Путин','2016-06-16','<p style=\"box-sizing: inherit; margin: 0px 0px 1.5em; color: #656269; font-family: \'PT Sans\'; font-size: 15px;\">Владимир Путин во время &laquo;Прямой линии&raquo; заявил:</p>\r\n<p style=\"box-sizing: inherit; margin: 0px 0px 1.5em; color: #656269; font-family: \'PT Sans\'; font-size: 15px;\">&laquo;Без цифровой экономики мы не сможем перейти к следующему технологическому укладу. А без этого перехода к новому технологическому укладу у российской экономики, а значит и страны, нет будущего&raquo;.</p>\r\n<p style=\"box-sizing: inherit; margin: 0px 0px 1.5em; color: #656269; font-family: \'PT Sans\'; font-size: 15px;\">Глава государства отметил, что развитие цифровой экономики России &mdash; задача номер один в экономической сфере. При этом глава государства уверен, что у России есть все шансы преуспеть в цифровизации:</p>\r\n<p style=\"box-sizing: inherit; margin: 0px 0px 1.5em; color: #656269; font-family: \'PT Sans\'; font-size: 15px;\">&laquo;У нас есть все предпосылки: хорошая математическая школа, развивается программирование. Мы сможем это сделать&raquo;.</p>','news/October2017/EgOv20MG8b8-870x500.jpg','2017-10-13 07:28:41','2017-10-13 07:28:41',NULL,NULL),(50,'Будущее мира: прогноз до 2099 года от технического директора Google','2016-06-16','<p style=\"box-sizing: inherit; margin: 0px 0px 1.5em; color: #656269; font-family: \'PT Sans\'; font-size: 15px;\">Технический директор Google и известный технологический футуролог Рэй Курцвейл выступил в начале этого года с очередной порцией предсказаний.</p>\r\n<p style=\"box-sizing: inherit; margin: 0px 0px 1.5em; color: #656269; font-family: \'PT Sans\'; font-size: 15px;\">Будучи одним из главных исследователей современных достижений в области искусственного интеллекта, Курцвейл публикует свои прогнозы с 1990-х годов, многие из которых стали академическими.</p>\r\n<p style=\"box-sizing: inherit; margin: 0px 0px 1.5em; color: #656269; font-family: \'PT Sans\'; font-size: 15px;\">Но если еще пять лет назад он чаще оперировал длительными периодами (2030-е годы, 2040-е годы), то в последнее время в предположениях ученого появилась хронологическая стройность. Возможно, на точность повлияла его работа в самой большой интернет-компании, где футуролог оказался на передовой многих инновационных разработок.</p>\r\n<p style=\"box-sizing: inherit; margin: 0px 0px 1.5em; color: #656269; font-family: \'PT Sans\'; font-size: 15px;\">Курцвейл будто приглашает принять участие в интеллектуальной игре и собрать пазл &mdash; картину будущего из его старых и новых предсказаний. Если собрать все прогнозы, сделанные за 20 лет в книгах, блогах, интервью и лекциях, можно заметить, что будущее с 2019 по 2099 ученый расписал буквально по годам.</p>\r\n<p style=\"box-sizing: inherit; margin: 0px 0px 1.5em; color: #656269; font-family: \'PT Sans\'; font-size: 15px;\">2019 &ndash; Провода и кабели для персональных и периферийных устройств любой сферы уйдут в прошлое.</p>\r\n<p style=\"box-sizing: inherit; margin: 0px 0px 1.5em; color: #656269; font-family: \'PT Sans\'; font-size: 15px;\">2020 &ndash; Персональные компьютеры достигнут вычислительной мощности, сравнимой с человеческим мозгом.</p>\r\n<p style=\"box-sizing: inherit; margin: 0px 0px 1.5em; color: #656269; font-family: \'PT Sans\'; font-size: 15px;\">2021 &ndash; Беспроводной доступ к интернету покроет 85% поверхности Земли.</p>\r\n<p style=\"box-sizing: inherit; margin: 0px 0px 1.5em; color: #656269; font-family: \'PT Sans\'; font-size: 15px;\">2022 &ndash; В США и Европе будут приниматься законы, регулирующие отношения людей и роботов. Деятельность роботов, их права, обязанности и другие ограничения будут формализованы.</p>\r\n<p style=\"box-sizing: inherit; margin: 0px 0px 1.5em; color: #656269; font-family: \'PT Sans\'; font-size: 15px;\">2024 &ndash; Элементы компьютерного интеллекта станут обязательными в автомобилях. Людям запретят садиться за руль автомобиля, не оборудованного компьютерными помощниками.</p>\r\n<p style=\"box-sizing: inherit; margin: 0px 0px 1.5em; color: #656269; font-family: \'PT Sans\'; font-size: 15px;\">2025 &ndash; Появление массового рынка гаджетов-имплантатов.</p>\r\n<p style=\"box-sizing: inherit; margin: 0px 0px 1.5em; color: #656269; font-family: \'PT Sans\'; font-size: 15px;\">2026 &ndash; Благодаря научному прогрессу, за единицу времени мы будем продлевать свою жизнь на больше времени, чем прошло</p>\r\n<p style=\"box-sizing: inherit; margin: 0px 0px 1.5em; color: #656269; font-family: \'PT Sans\'; font-size: 15px;\">2027 &ndash; Персональный робот, способный на полностью автономные сложные действия, станет такой же привычной вещью, как холодильник или кофеварка</p>\r\n<p style=\"box-sizing: inherit; margin: 0px 0px 1.5em; color: #656269; font-family: \'PT Sans\'; font-size: 15px;\">2028 &ndash; Солнечная энергия станет настолько дешевой и распространенной, что будет удовлетворять всей суммарной энергетической потребности человечества.</p>\r\n<p style=\"box-sizing: inherit; margin: 0px 0px 1.5em; color: #656269; font-family: \'PT Sans\'; font-size: 15px;\">2029 &ndash; Компьютер сможет пройти тест Тьюринга, доказывая наличие у него разума в человеческом понимании этого слова. Это будет достигнуто благодаря компьютерной симуляции человеческого мозга.</p>\r\n<p style=\"box-sizing: inherit; margin: 0px 0px 1.5em; color: #656269; font-family: \'PT Sans\'; font-size: 15px;\">2030 &ndash; Расцвет нанотехнологий в промышленности, что приведет к значительному удешевлению производства всех продуктов.</p>\r\n<p style=\"box-sizing: inherit; margin: 0px 0px 1.5em; color: #656269; font-family: \'PT Sans\'; font-size: 15px;\">2031 &ndash; 3D-принтеры для печати человеческих органов будут использоваться в больницах любого уровня.</p>\r\n<p style=\"box-sizing: inherit; margin: 0px 0px 1.5em; color: #656269; font-family: \'PT Sans\'; font-size: 15px;\">2032 &ndash; Нанороботы начнут использоваться в медицинских целях. Они смогут доставлять питательные вещества к клеткам человека и удалять отходы. Они также проведут детальное сканирование человеческого мозга, что позволит понять детали его работы</p>\r\n<p style=\"box-sizing: inherit; margin: 0px 0px 1.5em; color: #656269; font-family: \'PT Sans\'; font-size: 15px;\">2033 &ndash; Самоуправляемые автомобили заполнят дороги.</p>\r\n<p style=\"box-sizing: inherit; margin: 0px 0px 1.5em; color: #656269; font-family: \'PT Sans\'; font-size: 15px;\">2034 &ndash; Первое свидание человека с искусственным интеллектом. Фильм &laquo;Она&raquo; в усовершенствованном виде: виртуальную возлюбленную можно оборудовать &laquo;телом&raquo;, проектируя изображение на сетчатку глаза, &mdash; например, с помощью контактных линз или очков виртуальной реальности.</p>\r\n<p style=\"box-sizing: inherit; margin: 0px 0px 1.5em; color: #656269; font-family: \'PT Sans\'; font-size: 15px;\">2035 &ndash; Космическая техника станет достаточно развитой, чтобы обеспечить постоянную защиту Земли от угрозы столкновения с астероидами.</p>\r\n<p style=\"box-sizing: inherit; margin: 0px 0px 1.5em; color: #656269; font-family: \'PT Sans\'; font-size: 15px;\">2036 &ndash; Используя подход к биологии, как к программированию, человечеству впервые удастся запрограммировать клетки для лечения болезней, а использование 3D-принтеров позволит выращивать новые ткани и органы.</p>\r\n<p style=\"box-sizing: inherit; margin: 0px 0px 1.5em; color: #656269; font-family: \'PT Sans\'; font-size: 15px;\">2037 &ndash; Гигантский прорыв в понимании тайны человеческого мозга. Будут определены сотни различных субрегионов со специализированными функциями. Некоторые из алгоритмов, которые кодируют развитие этих регионов, будут расшифрованы и включены в нейронные сети компьютеров.</p>\r\n<p style=\"box-sizing: inherit; margin: 0px 0px 1.5em; color: #656269; font-family: \'PT Sans\'; font-size: 15px;\">2038 &ndash; Появление роботизированных людей, продуктов трансгуманистичных технологий. Они будут оборудованы дополнительным интеллектом (например, ориентированным на конкретную узкую сферу знаний, полностью охватить которую человеческий мозг не способен) и разнообразными опциями-имплантантами &mdash; от глаз-камер до&nbsp;дополнительных рук-протезов.</p>\r\n<p style=\"box-sizing: inherit; margin: 0px 0px 1.5em; color: #656269; font-family: \'PT Sans\'; font-size: 15px;\">2039 &ndash; Наномашины будут имплантироваться прямо в мозг и осуществлять произвольный ввод и вывод сигналов из клеток мозга. Это приведет к виртуальной реальности &laquo;полного погружения&raquo;, которая не потребует никакого дополнительного оборудования.</p>\r\n<p style=\"box-sizing: inherit; margin: 0px 0px 1.5em; color: #656269; font-family: \'PT Sans\'; font-size: 15px;\">2040 &ndash; Поисковые системы станут основой для гаджетов, которые будут вживляться в человеческий организм. Поиск будет осуществляться не только с помощью языка, но и с помощью мыслей, а результаты поисковых запросов будут выводиться на экран тех же линз или очков.</p>\r\n<p style=\"box-sizing: inherit; margin: 0px 0px 1.5em; color: #656269; font-family: \'PT Sans\'; font-size: 15px;\">2041 &ndash; Предельная пропускная способность интернета станет в 500 млн раз больше, чем сегодня.</p>\r\n<p style=\"box-sizing: inherit; margin: 0px 0px 1.5em; color: #656269; font-family: \'PT Sans\'; font-size: 15px;\">2042 &ndash; Первая потенциальная реализация бессмертия &ndash; благодаря армии нанороботов, которая будет дополнять иммунную систему и &laquo;вычищать&raquo; болезни.</p>\r\n<p style=\"box-sizing: inherit; margin: 0px 0px 1.5em; color: #656269; font-family: \'PT Sans\'; font-size: 15px;\">2043 &ndash; Человеческое тело сможет принимать любую форму, благодаря большому количеству нанороботов. Внутренние органы будут заменять кибернетическими устройствами гораздо лучшего качества.</p>\r\n<p style=\"box-sizing: inherit; margin: 0px 0px 1.5em; color: #656269; font-family: \'PT Sans\'; font-size: 15px;\">2044 &ndash; Небиологический интеллект станет в миллиарды раз более разумным, чем биологический.</p>\r\n<p style=\"box-sizing: inherit; margin: 0px 0px 1.5em; color: #656269; font-family: \'PT Sans\'; font-size: 15px;\">2045 &ndash; Наступление технологической сингулярности. Земля превратится в один гигантский компьютер.</p>\r\n<p style=\"box-sizing: inherit; margin: 0px 0px 1.5em; color: #656269; font-family: \'PT Sans\'; font-size: 15px;\">2099 &ndash; Процесс технологической сингулярности распространяется на всю Вселенную.</p>\r\n<p style=\"box-sizing: inherit; margin: 0px 0px 1.5em; color: #656269; font-family: \'PT Sans\'; font-size: 15px;\">Что же, в такие прогнозы порой трудно поверить. Однако, если принять во внимание огромные темпы развития общества, становится понятным, что в недалеком будущем и такое возможно. Пока нам остается только наблюдать.</p>','news/October2017/скачанные-файлы.jpg','2017-10-13 07:29:24','2017-10-13 07:29:24',NULL,NULL),(51,'Новые горизонты для IT разработчиков? Госдума приняла в первом чтении законопроект о телемедицине…','2016-06-17','<p style=\"box-sizing: inherit; margin: 0px 0px 1.5em; color: #656269; font-family: \'PT Sans\'; font-size: 15px;\">15 июня в повестку дня очередного пленарного заседания Госдумы РФ были включены слушания по законопроекту &laquo;О внесении изменений в отдельные законодательные акты Российской Федерации по вопросам применения информационно-телекоммуникационных технологий и введения электронных форм документов в сфере здравоохранения&raquo;. Несмотря на разногласия и альтернативные мнения, документ получил одобрение большинства. Он узаконит проведение виртуальных сеансов в форматах &laquo;врач &ndash; врач&raquo; и &laquo;врач/медицинский работник &ndash; врач&raquo;, даст право медицинским учреждениям организовывать мониторинговые системы для контроля за состоянием здоровья пациентов.</p>\r\n<p style=\"box-sizing: inherit; margin: 0px 0px 1.5em; color: #656269; font-family: \'PT Sans\'; font-size: 15px;\">&laquo;Наша задача &ndash; разработать национальные стандарты, которые позволят регулировать эти отношения. В первую очередь должны появиться правила оказания телемедицинских услуг, правила оказания консультаций, консилиумов, правила проведения дистанционного мониторинга. Они должны выйти в виде нормативных документов Минздрава&raquo;, &ndash; сказал Георгий Лебедев.</p>\r\n<p style=\"box-sizing: inherit; margin: 0px 0px 1.5em; color: #656269; font-family: \'PT Sans\'; font-size: 15px;\">Среди вопросов, которые предстоит решить, он назвал идентификацию врача: &laquo;Пациент должен быть уверен, что общается с умным, грамотным врачом. Для этого нужно формировать информационные ресурсы, регистры врачей, которые будут поддерживаться как на федеральном уровне, так и общественными организациями врачей. У каждого врача фактически будет свое портфолио с данными об образовании и клинической практике&raquo;.</p>\r\n<p style=\"box-sizing: inherit; margin: 0px 0px 1.5em; color: #656269; font-family: \'PT Sans\'; font-size: 15px;\">Должны быть решены и вопросы протоколирования. &laquo;Как бороться с некачественным оказанием медицинской помощи? Мы должны обеспечить, чтобы все действия врача во время дистанционной помощи пациенту обязательно сохранялись, фиксировалась, как это принято в порядках оказания медицинской помощи. То есть дистанционный прием врача ничем не должен отличаться от очного. Врач должен также заполнить всю информацию о пациенте и сохранить ее в медицинской карте&raquo;.</p>','news/October2017/telemedisina.jpg','2017-10-13 07:30:06','2017-10-13 07:30:06',NULL,NULL),(52,'РВК и Росэлектроника запустят акселератор по технологиям двойного назначения в 2017 году','2016-06-22','<h1 style=\"box-sizing: inherit; font-size: 30px; margin: 0px 0px 0.5em; font-family: \'Poiret One\'; font-weight: 400; line-height: 1.25; color: #746981; padding: 0px;\">РВК и Росэлектроника запустят акселератор по технологиям двойного назначения в 2017 году</h1>\r\n<p style=\"box-sizing: inherit; margin: 0px 0px 1.5em; color: #656269; font-family: \'PT Sans\'; font-size: 15px;\">Из 200 компаний, работающих при поддержке фондов РВК, порядка 25% готовы заниматься проектами в сфере диверсификации ОПК</p>','news/October2017/скачанные-файлы-1-870x500.jpg','2017-10-13 07:31:50','2017-10-13 07:31:50',NULL,NULL),(53,'ИННОВОЛОГДА? ВолФИТ!','2016-06-22','<p style=\"box-sizing: inherit; margin: 0px 0px 1.5em; color: #656269; font-family: \'PT Sans\'; font-size: 15px;\">В этом году, вместо нашего базового мероприятия &laquo;ИННОВОЛОГДА&raquo;&nbsp;<a style=\"box-sizing: inherit; background-color: transparent; color: #4cadc9; text-decoration-line: none;\" href=\"https://vk.com/away.php?to=http%3A%2F%2Finnovol.ru&amp;post=-17143628_4643&amp;cc_key=\" target=\"_blank\" rel=\"noopener noreferrer\">innovol.ru</a>&nbsp;мы, совместно с нашими молодыми партнерами проводим Межрегиональный фестиваль информационных технологий &nbsp;&laquo;ВолФИТ&raquo;&nbsp;<a style=\"box-sizing: inherit; background-color: transparent; color: #4cadc9; text-decoration-line: none;\" href=\"http://volfit.tu/\">volfit.ru</a></p>\r\n<p style=\"box-sizing: inherit; margin: 0px 0px 1.5em; color: #656269; font-family: \'PT Sans\'; font-size: 15px;\">Это &mdash; крупное событие в сфере информационных технологий, которое пройдет в г. Вологда на базе ГРК &laquo;Николаевский&raquo;. Во время фестиваля пройдут лекции от представителей успешных IT-компаний России, будут представлены площадки с экспонатами от российских разработчиков, будет много сюрпризов и розыгрышей призов.<br style=\"box-sizing: inherit;\" />Так же на форуме предусмотрена особая секция для руководителей и предпринимателей &mdash; будет круто!</p>\r\n<p style=\"box-sizing: inherit; margin: 0px 0px 1.5em; color: #656269; font-family: \'PT Sans\'; font-size: 15px;\">Подробности в группе VK&nbsp;<a style=\"box-sizing: inherit; background-color: transparent; color: #4cadc9; text-decoration-line: none;\" href=\"https://vk.com/roppru\">&laquo;Перспективных Проектов&raquo;&nbsp;</a></p>','news/October2017/photo_2017-06-21_16-24-55-870x500.jpg','2017-10-13 07:32:17','2017-10-13 07:32:17',NULL,NULL),(54,'CEO компании «Перспективные Проекты» на Радио 106,9 FM','2016-06-23','<p style=\"box-sizing: inherit; margin: 0px 0px 1.5em; color: #656269; font-family: \'PT Sans\'; font-size: 15px;\">CEO компании &laquo;Перспективные Проекты&raquo; Олег Погожев принял участие в передаче &laquo;Бизнес на экспорт&raquo; на Радио 106,9 FM</p>\r\n<p style=\"box-sizing: inherit; margin: 0px 0px 1.5em; color: #656269; font-family: \'PT Sans\'; font-size: 15px;\">Участники передачи &mdash; региональные российские бизнесмены, которые заинтересованы в реализации производимой в России продукции в европейские страны. Олег Погожев предложил создать в России автоматизированного агрегатора товаров региональных производителей имеющих спрос и перспективу реализации в Европе.</p>','news/October2017/Без-имени-1-870x500.jpg','2017-10-13 07:32:45','2017-10-13 07:32:45',NULL,NULL),(55,'К вам пришли! Российская разработка — универсальный автоматический идентификатор пользователя и посетителя.','2016-06-23','<p style=\"box-sizing: inherit; margin: 0px 0px 1.5em; color: #656269; font-family: \'PT Sans\'; font-size: 15px;\">Что такое универсальный автоматический идентификатор пользователя и посетителя и какие задачи он решает. Автоматизации обслуживания в оффлайн и подход Kinian к соединению данных оффлайн-поведения в реальном времени с данными из онлайн.</p>\r\n<p style=\"box-sizing: inherit; margin: 0px 0px 1.5em; color: #656269; font-family: \'PT Sans\'; font-size: 15px;\">Александр Аникин несколько лет занимал руководящие должности в финансовой, страховой и IT-отраслях. Весной он ушел из Альфа-банка и объявил о запуске собственной компании под названием &laquo;Киниан&raquo;.</p>\r\n<p style=\"box-sizing: inherit; margin: 0px 0px 1.5em; color: #656269; font-family: \'PT Sans\'; font-size: 15px;\">Компания запатентовала технологию, с помощью которой она, интегрируясь с Wi-Fi сетью, сообщает магазину или банку о том, что на пороге появился тот или иной клиент. Услуга позволяет персонализировать общение магазина с покупателем и сделать более точный таргетинг. &laquo;Киниан&raquo; уже заключила контракт с сетью &laquo;Перекресток&raquo; и нынешним летом будет тестировать технологию на концертных площадках Gazgolder и ГЛАВCLUB GREEN CONCERT (ex-Yotaspace).</p>','news/October2017/1-870x500.jpg','2017-10-13 07:33:13','2017-10-13 07:33:13',NULL,NULL),(56,'МОСГОРТЕХ начал прием заявок!','2016-06-23','<p style=\"box-sizing: inherit; margin: 0px 0px 1.5em; color: #656269; font-family: \'PT Sans\'; font-size: 15px;\">Принять участие в конкурсе инновационных технологий для столицы МОСГОРТЕХ приглашает Агентство инноваций Москвы, учрежденное Департаментом науки, промышленной политики и предпринимательства города Москвы как &laquo;единое окно&raquo; для участников инновационной экосистемы столицы.</p>\r\n<p style=\"box-sizing: inherit; margin: 0px 0px 1.5em; color: #656269; font-family: \'PT Sans\'; font-size: 15px;\">Конкурс проводится в партнерстве с более чем 50 компаниями, среди которых Ростех, Парк Горького, Делойт и&nbsp;<a style=\"box-sizing: inherit; background-color: transparent; color: #4cadc9; text-decoration-line: none;\" href=\"http://mosgortech.ru/\" rel=\"color:#2c94a3 !important;text-decoration: none;border-bottom: 1px solid #2c94a3;box-shadow: inset 0px -0px 0px 0px #2c94a3;-webkit-box-shadow: inset 0px -0px 0px 0px #2c94a3;-moz-box-shadow: inset 0px -0px 0px 0px #2c94a3;\">другие</a>. По итогам конкурса будут выбраны лучшие проекты по трем тематическим трекам. Победители получат возможности финансирования, пилотного внедрения и различной поддержки со стороны партнеров конкурса.</p>\r\n<p style=\"box-sizing: inherit; margin: 0px 0px 1.5em; color: #656269; font-family: \'PT Sans\'; font-size: 15px;\"><a style=\"box-sizing: inherit; background-color: transparent; color: #4cadc9; text-decoration-line: none;\" href=\"https://rb.ru/mosgortech2017/apply/\">Подать заявку</a></p>','news/October2017/2.jpg','2017-10-13 07:33:42','2017-10-13 07:33:42',NULL,NULL),(57,'Блокчейн-хакатон с призовым фондом $110 000 в Москве!','2016-06-23','<div id=\"post-announce\" style=\"box-sizing: inherit; color: #656269; font-family: \'PT Sans\'; font-size: 15px;\">\r\n<p style=\"box-sizing: inherit; margin: 0px 0px 1.5em;\">С 1 по 2 июля в Москве пройдет хакатон по разработке блокчейн-проектов&nbsp;<a style=\"box-sizing: inherit; background-color: transparent; color: #4cadc9; text-decoration-line: none;\" href=\"http://blockchainhack.ru/\" target=\"_blank\" rel=\"noopener noreferrer\">BlockchainHack</a>.</p>\r\n<p style=\"box-sizing: inherit; margin: 0px 0px 1.5em;\">Участники хакатона должны будут за выходные создать работающий прототип блокчейн-проекта и представить свое решение жюри. BlockchainHack проходит при поддержке проекта Qtum, блокчейн-платформы Waves, компаний Zerion и BTC Media.</p>\r\n</div>\r\n<div id=\"post-text\" class=\"post-text\" style=\"box-sizing: inherit; color: #656269; font-family: \'PT Sans\'; font-size: 15px;\">\r\n<p style=\"box-sizing: inherit; margin: 0px 0px 1.5em;\">Подать заявку могут как команды, так и отдельные участники.</p>\r\n<p style=\"box-sizing: inherit; margin: 0px 0px 1.5em;\">Участникам предстоит разработать прототип блокчейн-проекта на одной из предложенных платформ: Ethereum, Qtum, Waves или Bitcoin. Основатель и CEO блокчейн-платформы Waves Александр Иванов выберет три лучших проекта. Победитель получит 500 токенов Waves (&asymp; $2 500), второе и третье место &ndash; 300 и 100 токенов соответственно.</p>\r\n<p style=\"box-sizing: inherit; margin: 0px 0px 1.5em;\">Компания Zerion выберет лучшую команду, которая за выходные разработает проект на базе платформы Ethereum. Победитель в этой номинации получит 10 токенов Ethereum (&asymp; $3 800).</p>\r\n<p style=\"box-sizing: inherit; margin: 0px 0px 1.5em;\">Представители сингапурского стартапа Qtum выберут три лучшие команды, которые разделят между собой главный призовой фонд &mdash; 8 500 токенов Qtum (&asymp;$100 000). Награда за первое место составит 5 000 токенов, за второе &mdash; 2 500, и обладатель третьего места получит 1000 токенов.</p>\r\n<p style=\"box-sizing: inherit; margin: 0px 0px 1.5em;\">Также лучшие проекты получат рабочие места в московском коворкинге пространства Paveletsky и поддержку для развития своего стартапа от компаний Zerion и BTC Media.</p>\r\n<p style=\"box-sizing: inherit; margin: 0px 0px 1.5em;\">Узнать подробнее о хакатоне и зарегистрировать можно на его&nbsp;<a style=\"box-sizing: inherit; background-color: transparent; color: #4cadc9; text-decoration-line: none;\" href=\"http://blockchainhack.ru/\" target=\"_blank\" rel=\"noopener noreferrer\">сайте</a>.</p>\r\n</div>','news/October2017/3.jpg','2017-10-13 07:34:09','2017-10-13 07:34:09',NULL,NULL),(58,'Как защитить идею, разработку, программу? Право на патент.','2016-06-26','<p style=\"box-sizing: inherit; margin: 0px 0px 1.5em; color: #656269; font-family: \'PT Sans\'; font-size: 15px;\">Свежий выпуск &laquo;СТАРТАП АКАДЕМИИ&raquo; от &laquo;Перспективных проектов&raquo;: &laquo;Как защитить свою идею, программу, разработку?&raquo; в гостях Людмила Разумова &mdash; патентный поверенный РФ! Задаем вопросы в комментариях<img class=\"emoji_css\" style=\"box-sizing: inherit; border: 0px; vertical-align: middle; max-width: 100%; height: auto;\" src=\"https://vk.com/images/blank.gif\" alt=\"☝\" /></p>\r\n<p style=\"box-sizing: inherit; margin: 0px 0px 1.5em; color: #656269; font-family: \'PT Sans\'; font-size: 15px;\">Смотрим&nbsp;<a style=\"box-sizing: inherit; background-color: transparent; color: #4cadc9; text-decoration-line: none;\" href=\"https://vk.com/wall-17143628_4651\">здесь</a></p>','news/October2017/Без-имени-1-1-870x500.jpg','2017-10-13 07:34:37','2017-10-13 07:34:37',NULL,NULL),(59,'1 млн рублей для стартапов от Алишера Усманова каждый месяц','2016-06-29','<p style=\"box-sizing: inherit; margin: 0px 0px 1.5em; color: #656269; font-family: \'PT Sans\'; font-size: 15px;\">Предприниматель Алишер Усманов&nbsp;<a style=\"box-sizing: inherit; background-color: transparent; color: #4cadc9; text-decoration-line: none;\" href=\"https://vk.com/wall429340904_11\" target=\"_blank\" rel=\"noopener noreferrer\">объявил</a>&nbsp;конкурс стартапов, лучшим участникам которого он пообещал выплатить 1 млн рублей. Выбор проектов будет проходить в&nbsp;<a style=\"box-sizing: inherit; background-color: transparent; color: #4cadc9; text-decoration-line: none;\" href=\"https://vk.com/usmanov_challenge\" target=\"_blank\" rel=\"noopener noreferrer\">сообществе</a>&nbsp;предпринимателя во &laquo;ВКонтакте&raquo;, где он проводил конкурс мемов.</p>\r\n<p style=\"box-sizing: inherit; margin: 0px 0px 1.5em; color: #656269; font-family: \'PT Sans\'; font-size: 15px;\">Для участия необходимо отправить описание разрабатываемого проекта в личные сообщения сообщества Usmanov Challenge. В правилах конкурса&nbsp;<a style=\"box-sizing: inherit; background-color: transparent; color: #4cadc9; text-decoration-line: none;\" href=\"https://vk.com/page-147763642_54537796\" target=\"_blank\" rel=\"noopener noreferrer\">говорится</a>, что заявки будет рассматривать лично Усманов. По итогам каждого месяца предприниматель будет выбирать лучшую команду и выплачивать ей 1 млн рублей. Самые привлекательные работы также будут опубликованы на стене сообщества.</p>','news/October2017/uRNF1OepDKg-721x500.jpg','2017-10-13 07:35:06','2017-10-13 07:35:06',NULL,NULL),(60,'Разработан алгоритм для выявления стартапов, которые «выстрелят»','2016-07-03','<p style=\"box-sizing: inherit; margin: 0px 0px 1.5em; color: #656269; font-family: \'PT Sans\'; font-size: 15px;\"><strong style=\"box-sizing: inherit;\">Алгоритм-инвестор</strong></p>\r\n<p style=\"box-sizing: inherit; margin: 0px 0px 1.5em; color: #656269; font-family: \'PT Sans\'; font-size: 15px;\">Сначала ученые собрали данные о стартапах из трех источников: базы Crunchbase и Pitchbook позволили собрать информацию об инвестициях и IPO 83 тысяч компаний, основанных в 1981-2016 годах, а данные соцсети LinkedIn позволили соотнести эту информацию с опытом и образованием основателей и сотрудников компаний.</p>\r\n<p style=\"box-sizing: inherit; margin: 0px 0px 1.5em; color: #656269; font-family: \'PT Sans\'; font-size: 15px;\">После этого исследователи составили математическую модель с использованием машинного обучения и проверяли ее на конкретных годах: в тестовую выборку включались компании, основанные в определенному году, а в выборку для обучения алгоритма &ndash; данные о всех компаниях, основанных исключительно до этого года (чтобы алгоритм не мог заглянуть в будущее, а обладал только теми данными, которые могли быть доступны раннему инвестору).</p>\r\n<p style=\"box-sizing: inherit; margin: 0px 0px 1.5em; color: #656269; font-family: \'PT Sans\'; font-size: 15px;\">Основываясь на данных стартапа и коррелируя их с успехами других компаний в прошлом, алгоритм вычислял вероятность экзита (продажи своей доли в стартапе) для инвестора по каждой компании, а ученые собирали портфолио из компаний с наибольшими по &laquo;мнению&raquo; алгоритма шансами на резкий рост.</p>\r\n<p style=\"box-sizing: inherit; margin: 0px 0px 1.5em; color: #656269; font-family: \'PT Sans\'; font-size: 15px;\">Получившаяся модель позволила собирать портфолио, превосходящие по эффективности ведущие венчурные фонды: в случае портфолио из пяти и десяти компаний 60% из них приносили инвесторам экзит, о чем свидетельствовали данные о реальном будущем включенных в портфолио стартапов.</p>\r\n<p style=\"box-sizing: inherit; margin: 0px 0px 1.5em; color: #656269; font-family: \'PT Sans\'; font-size: 15px;\"><strong style=\"box-sizing: inherit;\">Факторы, которые влияли на успех стартапа чаще других</strong></p>\r\n<p style=\"box-sizing: inherit; margin: 0px 0px 1.5em; color: #656269; font-family: \'PT Sans\'; font-size: 15px;\">Также алгоритм показал, какие характеристики были свойственны успешным стартапам. Выяснилось, что чаще всего &laquo;взлетевшие&raquo; проекты обладали параметром, который и так считается венчурными инвесторами одним из ключевых &ndash; успешным опытом основателей и сотрудников. Стартап довольно часто &laquo;взлетал&raquo;, если в компании были люди, ранее работавшие в успешном (проданном или сделавшем IPO) проекте. Также на успех проектов существенно влиял опыт самих инвесторов и консультантов.</p>\r\n<blockquote style=\"box-sizing: inherit; padding: 10px 10px 10px 30px; margin: 0px 0px 0.25em; font-size: 20px; border-left: 3px solid #d9d9d9; border-top: none; border-right: none; border-bottom: none; border-image: initial; font-style: italic; font-family: \'Exo 2\', sans-serif; line-height: 1.5em; color: #656269;\">\r\n<p style=\"box-sizing: inherit; margin: 0px;\">&laquo;Хочется сказать, что мы нашли какой-то секретный рецепт, о котором венчурные инвесторы не знали, однако наш анализ показал, что вещи, которые [обычно] ищут инвесторы &ndash; те же, которые оказались ключевыми факторами успеха в нашем исследовании&raquo;, &ndash;&nbsp;<a style=\"box-sizing: inherit; background-color: transparent; color: #4cadc9;\">прокомментировал</a>&nbsp;один из авторов работы Таухид Заман (Tauhid Zaman) в разговоре с изданием Quartz.</p>\r\n</blockquote>\r\n<p style=\"box-sizing: inherit; margin: 0px 0px 1.5em; color: #656269; font-family: \'PT Sans\'; font-size: 15px;\">По словам Замана, низкую по сравнению с алгоритмом эффективность инвесторов можно объяснить тем, что люди при оценке проекта полагаются как на интуицию, так и на количественный анализ характеристик проекта, в то время как алгоритм опирается только на второе.</p>','news/October2017/скачанные-файлы-1.png','2017-10-13 07:35:35','2017-10-13 07:35:35',NULL,NULL),(61,'Стратегическое событие российского рынка digital рекламы MIXX Russia Conference состоится 3 октября текущего года в Москве.','2016-07-03','<p style=\"box-sizing: inherit; margin: 0px 0px 1.5em; color: #656269; font-family: \'PT Sans\'; font-size: 15px;\">MIXX Conferenc<span lang=\"EN-US\" style=\"box-sizing: inherit;\">e</span>&nbsp;считается в мире главным событием digital индустрии, которое объединяет 40 стран, 900 компаний и 90% глобального рынка интернет-рекламы. Здесь в режиме реального времени обозначаются новые тренды и рекламные механики, презентуются уникальные технологии и формируется будущее коммуникаций.</p>\r\n<p style=\"box-sizing: inherit; margin: 0px 0px 1.5em; color: #656269; font-family: \'PT Sans\'; font-size: 15px;\">В России MIXX также стал ключевым событием на рынке интерактивной рекламы, где российское подразделение&nbsp;<span lang=\"EN-US\" style=\"box-sizing: inherit;\">IAB</span>и крупнейшие игроки отрасли презентуют рынок сообществу крупнейших рекламодателей.</p>\r\n<p style=\"box-sizing: inherit; margin: 0px 0px 1.5em; color: #656269; font-family: \'PT Sans\'; font-size: 15px;\">MIXX Russia Conference пройдет на традиционной площадке в МИА &laquo;Россия Сегодня&raquo;. Главной задачей конференции станет развитие рынка интерактивной рекламы. Участники смогут в диалоге обсудить вопросы взаимодействия рекламодателей, технологических компаний, медиаплощадок и государства.</p>\r\n<p style=\"box-sizing: inherit; margin: 0px 0px 1.5em; color: #656269; font-family: \'PT Sans\'; font-size: 15px;\">Большинство секций MIXX Russia пройдёт в формате дискуссий, в которых примут участие главы коммуникационных агентств, брендов-рекламодателей, технологических и исследовательских компаний. В открывающей панели &laquo;Развитие digital рекламы в России &ndash; планы и итоги&raquo; выступят лидеры IAB Global и представители профильных направлений Роскомнадзора, ФАС и Минкомсвязи. Спикеры подведут итоги работы, обсудят перспективы развития индустрии, а также представят тренды, которые будут определять рынок в ближайшие годы.</p>\r\n<p style=\"box-sizing: inherit; margin: 0px 0px 1.5em; color: #656269; font-family: \'PT Sans\'; font-size: 15px;\">О текущем состоянии digital индустрии в России расскажут представители РБК, ГК ПИК, Яндекс, Google и Mediascope. А обзор глобального рынка интернет-рекламы представят спикеры из Аэрофлота, Газпрома, Accenture, Google Global, IAB Global, P&amp;G и Unilever. Завершит конференцию презентацияисследования<span lang=\"EN-US\" style=\"box-sizing: inherit;\">&nbsp;IAB Russia Advertisers Barometer 2017.</span></p>\r\n<p style=\"box-sizing: inherit; margin: 0px 0px 1.5em; color: #656269; font-family: \'PT Sans\'; font-size: 15px;\">Также лидеры комитетов&nbsp;<span lang=\"EN-US\" style=\"box-sizing: inherit;\">IAB Russia</span>&nbsp;представят данные по направлениям&nbsp;<span lang=\"EN-US\" style=\"box-sizing: inherit;\">Digital Video, E-Commerce Advertising, Mobile Advertising, Media Ad, On-Line Branding, Perfomance Marketing, Programmatic, Big Data</span>&nbsp;и&nbsp;<span lang=\"EN-US\" style=\"box-sizing: inherit;\">Audio Ad.</span></p>\r\n<p style=\"box-sizing: inherit; margin: 0px 0px 1.5em; color: #656269; font-family: \'PT Sans\'; font-size: 15px;\">По мнению президента&nbsp;<span lang=\"EN-US\" style=\"box-sizing: inherit;\">IAB</span>&nbsp;<span lang=\"EN-US\" style=\"box-sizing: inherit;\">Russia</span>&nbsp;Бориса Омельницкого, конференция станет удобной площадкой для прозрачного диалога между всеми сторонами, заинтересованными в формировании общей стратегии развития рынка интерактивной рекламы в России.</p>','news/October2017/скачанные-файлы-2-870x500.png','2017-10-13 07:36:05','2017-10-13 07:36:05',NULL,NULL),(63,'В правительстве РФ выступили за перенос на пять лет срока вступления в силу положений «пакета Яровой»','2016-07-07','<p style=\"box-sizing: inherit; margin: 0px 0px 1.5em; color: #656269; font-family: \'PT Sans\'; font-size: 15px;\">Данный &laquo;пакет&raquo; обязывает операторов и интернет-компании хранить информацию о содержании разговоров и переписки пользователей до полугода. Соответствующее решение вошло в отзыв кабинета министров на законопроект члена Совета Федерации Антона Белякова и депутата Госдумы Олега Шеина, предлагающих перенести с 2018 на 2023 год срок вступления в силу пакета антитеррористических поправок депутата Госдумы Ирины Яровой и сенатора Виктора Озерова.</p>\r\n<p style=\"box-sizing: inherit; margin: 0px 0px 1.5em; color: #656269; font-family: \'PT Sans\'; font-size: 15px;\">При этом, в отзыве правительства, делается ряд оговорок.</p>\r\n<p style=\"box-sizing: inherit; margin: 0px 0px 1.5em; color: #656269; font-family: \'PT Sans\'; font-size: 15px;\">В частности, в нем отмечается, что &laquo;в ходе подготовки проектов актов правительства РФ и федеральных органов исполнительной власти, необходимых для реализации норм закона, были выявлены определенные риски, обозначенные в обращениях операторов связи и отраслевого сообщества, связанные с вступлением с 1 июля 2018 года в силу соответствующих положений закона&raquo;.</p>\r\n<p style=\"box-sizing: inherit; margin: 0px 0px 1.5em; color: #656269; font-family: \'PT Sans\'; font-size: 15px;\">Вместе с этим вступление некоторых положений &laquo;пакета Яровой&raquo; планируется поэтапно, в связи с этим проект закона Антона Белякова и Олега Шеина требует уточнения, говорится в отзыве.</p>\r\n<p style=\"box-sizing: inherit; margin: 0px 0px 1.5em; color: #656269; font-family: \'PT Sans\'; font-size: 15px;\">Так называемый &laquo;пакет Яровой&raquo; может быть со временем значительно скорректирован, а то и вовсе не вступить в силу, считает депутат Госдумы Олег Шеин (&laquo;Справедливая Россия&raquo;), который является одним из инициаторов законопроекта об отсрочке вступления в силу соответствующего пакета антитеррористических законов.</p>\r\n<p style=\"box-sizing: inherit; margin: 0px 0px 1.5em; color: #656269; font-family: \'PT Sans\'; font-size: 15px;\">&laquo;Мы предлагаем перенести вступление в силу этого &laquo;пакета&raquo;; соответствующий законопроект сейчас находится на рассмотрении в правительстве, и, насколько мне известно, по нему готовится положительный отзыв&raquo;, &mdash; сказал Олег Шеин.</p>\r\n<p style=\"box-sizing: inherit; margin: 0px 0px 1.5em; color: #656269; font-family: \'PT Sans\'; font-size: 15px;\">В то же время он считает, что возможное положительное решение по отсрочке вступления в силу этого &laquo;пакета&raquo;, по сути, означает, что он может претерпеть серьезные содержательные изменения.</p>\r\n<p style=\"box-sizing: inherit; margin: 0px 0px 1.5em; color: #656269; font-family: \'PT Sans\'; font-size: 15px;\">&laquo;Пауза просто так не берется, обычно она означает, что содержательно документ будет меняться, и вообще хочу напомнить известный закон Мерфи, суть которого в том, что отсрочка &mdash; это ужасная форма отказа&raquo;, &mdash; заметил депутат.</p>\r\n<p style=\"box-sizing: inherit; margin: 0px 0px 1.5em; color: #656269; font-family: \'PT Sans\'; font-size: 15px;\">Олег Шеин затруднился ответить на вопрос, как может быть скорректирован закон в случае, если будет принято решение о содержательной правке.</p>\r\n<p style=\"box-sizing: inherit; margin: 0px 0px 1.5em; color: #656269; font-family: \'PT Sans\'; font-size: 15px;\">&laquo;Я думаю, если речь идет просто об отсрочке вступления в силу, то сроки могут поменяться применительно к отдельным нормам закона&raquo;, &mdash; сказал он.</p>\r\n<p style=\"box-sizing: inherit; margin: 0px 0px 1.5em; color: #656269; font-family: \'PT Sans\'; font-size: 15px;\">Он считает, что &laquo;пакет Яровой&raquo; готовился как ответ на террористические угрозы и в этом смысле его можно считать &laquo;политически мотивированным&raquo;.</p>\r\n<p style=\"box-sizing: inherit; margin: 0px 0px 1.5em; color: #656269; font-family: \'PT Sans\'; font-size: 15px;\">С учетом возможной &laquo;паузы&raquo; есть шанс &laquo;очистить&raquo; этот документ от излишней политизированности, пояснил парламентарий.</p>\r\n<p style=\"box-sizing: inherit; margin: 0px 0px 1.5em; color: #656269; font-family: \'PT Sans\'; font-size: 15px;\">Член Совета Федерации Антон Беляков рад положительному отзыву правительства на совместный с депутатом Госдумы Олегом Шеиным законопроект об отсрочке &laquo;закона Яровой&raquo; и надеется, что это шаг к тому, чтобы положения о хранении операторами переписки пользователей никогда не вступили в силу.</p>\r\n<p style=\"box-sizing: inherit; margin: 0px 0px 1.5em; color: #656269; font-family: \'PT Sans\'; font-size: 15px;\">&laquo;Положительный отзыв о переносе на пять лет &mdash; это большое достижение, большая победа. И мой скромный прогноз, что через пять лет он будет, наверное, снова перенесен или похоронен. (&hellip;) Моя задача его (&laquo;пакет Яровой&raquo;) похоронить, я этого не скрываю&raquo;, &mdash; сказал Антон Беляков.</p>\r\n<p style=\"box-sizing: inherit; margin: 0px 0px 1.5em; color: #656269; font-family: \'PT Sans\'; font-size: 15px;\">Парламентарий уточнил, что отзыв правительства на законопроект об отсрочке &laquo;закона Яровой&raquo;, подготовленный им совместно с Олегом Шеиным, он рассчитывает получить вечером 4 июля, но уже знает о его сути.</p>\r\n<p style=\"box-sizing: inherit; margin: 0px 0px 1.5em; color: #656269; font-family: \'PT Sans\'; font-size: 15px;\">&laquo;Есть информация исключительно от участников мероприятия. И действительно, мои источники подтверждают, что правительство подготовило положительный отзыв о переносе срока действия &laquo;пакета Яровой&raquo; на пять лет&raquo;, &mdash; сказал Антон Беляков.</p>\r\n<p style=\"box-sizing: inherit; margin: 0px 0px 1.5em; color: #656269; font-family: \'PT Sans\'; font-size: 15px;\">В свою очередь в Роскомнадзоре заявили, что ничего не знают о планах переноса и в обсуждении по этому поводу не участвуют, сообщил глава ведомства Александр Жаров.</p>\r\n<p style=\"box-sizing: inherit; margin: 0px 0px 1.5em; color: #656269; font-family: \'PT Sans\'; font-size: 15px;\">&laquo;Мы ничего об этом не знаем, в обсуждениях не участвуем&raquo;, &mdash; сказал он.</p>\r\n<p style=\"box-sizing: inherit; margin: 0px 0px 1.5em; color: #656269; font-family: \'PT Sans\'; font-size: 15px;\">Поправки в антитеррористическое законодательство, предложенные Ириной Яровой и Владимиром Озеровым, были подписаны президентом РФ Владимиром Путиным 7 июля 2016 года. Вместе с этим пакетом был подписан перечень поручений правительству.</p>\r\n<p style=\"box-sizing: inherit; margin: 0px 0px 1.5em; color: #656269; font-family: \'PT Sans\'; font-size: 15px;\">В частности, антитеррористические поправки обязывают операторов и интернет-компании хранить текстовые сообщения, голосовую информацию, изображения, звуки, видео, иные электронные сообщения пользователей в срок до шести месяцев. Операторы связи также должны будут хранить информацию о фактах приема, передачи, доставки сообщений и звонков, так называемые метаданные, в течение трех лет, интернет-компании &mdash; в течение года. Норма о хранении пользовательского трафика должна вступить в силу с 1 июля 2018 года.</p>\r\n<p style=\"box-sizing: inherit; margin: 0px 0px 1.5em; color: #656269; font-family: \'PT Sans\'; font-size: 15px;\">В свою очередь операторы связи и интернет-компании с&nbsp;<a style=\"box-sizing: inherit; background-color: transparent; color: #4cadc9; text-decoration-line: none;\" href=\"http://www.interfax-russia.ru/view.asp?id=761311&amp;sec=1678\">большим опасением</a>&nbsp;восприняли эту инициативу, предупреждая, что ее реализация повлечет за собой значительные финансовые расходы. Кроме того, они говорили об отсутствии необходимых технических условий для исполнения ряда норм закона.</p>\r\n<p style=\"box-sizing: inherit; margin: 0px 0px 1.5em; color: #656269; font-family: \'PT Sans\'; font-size: 15px;\">В конце мая текущего года председатель комитета Госдумы по информационной политике, информационным технологиям и связи Леонид Левин подчеркнул, что государство должно обеспечить добросовестное использование персональных данных граждан РФ. Кроме того, он подчеркивал, что среди опасений отрасли в отношении этого &laquo;пакета&raquo; объемы хранения трафика, многократное дублирование одной и той же информации, вопросы энергоснабжения создаваемых хранилищ и ряд других.</p>\r\n<p style=\"box-sizing: inherit; margin: 0px 0px 1.5em; color: #656269; font-family: \'PT Sans\'; font-size: 15px;\">Мобильные операторы также заявляли, что антитеррористические поправки неминуемо повлекут за собой удорожание мобильной связи.</p>\r\n<p style=\"box-sizing: inherit; margin: 0px 0px 1.5em; color: #656269; font-family: \'PT Sans\'; font-size: 15px;\">В начале июня в Минкомсвязи РФ заявили о том, что работают над тем, чтобы расходы операторов мобильной связи в связи с вступлением в силу требований &laquo;пакета Яровой&raquo; не превысили уровня инфляции.</p>\r\n<p style=\"box-sizing: inherit; margin: 0px 0px 1.5em; color: #656269; font-family: \'PT Sans\'; font-size: 15px;\">&laquo;Мы пытаемся с правоохранительными структурами найти тоже некий баланс. Никто не хочет роста цен на связь. Мы пытаемся найти баланс, как сделать так, чтобы затраты операторов укладывались, к примеру, в уровень инфляции&raquo;, &mdash;<a style=\"box-sizing: inherit; background-color: transparent; color: #4cadc9; text-decoration-line: none;\" href=\"http://www.vesti.ru/onair/\" target=\"_blank\" rel=\"noopener noreferrer\">сообщил</a>&nbsp;глава Минкомсязи РФ Николай Никифоров в интервью телеканалу &laquo;Россия 24&raquo; (ВГТРК).</p>\r\n<p style=\"box-sizing: inherit; margin: 0px 0px 1.5em; color: #656269; font-family: \'PT Sans\'; font-size: 15px;\">По словам министра, &laquo;мы ожидаем в ближайшее время завершения работы над подзаконными актами, где будут четко прописаны состав и сроки хранения данных, некоторые технические параметры&raquo;.</p>\r\n<p style=\"box-sizing: inherit; margin: 0px 0px 1.5em; color: #656269; font-family: \'PT Sans\'; font-size: 15px;\">Николай Никифоров подчеркнул, что &laquo;найти компромиссы по этому вопросу непросто, но мы уже серьезно продвинулись вперед&raquo;.</p>\r\n<p style=\"box-sizing: inherit; margin: 0px 0px 1.5em; color: #656269; font-family: \'PT Sans\'; font-size: 15px;\">&laquo;Мы должны хранить только те данные, которые представляют интерес с точки зрения оперативно-розыскной деятельности правоохранительных органов&raquo;, &mdash; добавил он.</p>\r\n<p style=\"box-sizing: inherit; margin: 0px 0px 1.5em; color: #656269; font-family: \'PT Sans\'; font-size: 15px;\">Кроме того, по словам министра, необходимо &laquo;предусмотреть определенную этапность внедрения: &laquo;У нас такая большая страна, что невозможно в один день, 1 июля 2018 года, обеспечить одномоментное исполнение этого закона на узлах связи всех операторов &mdash; их 35 тысяч&raquo;.</p>','news/October2017/img_847182_170310533.jpg','2017-10-13 07:37:01','2017-10-13 07:37:01',NULL,NULL),(64,'Студенты СПбГУ разработали уникальный прибор ночного видения для смартфонов','2016-07-07','<p style=\"box-sizing: inherit; margin: 0px 0px 1.5em; color: #656269; font-family: \'PT Sans\'; font-size: 15px;\">Студенты СПбГУ представили миниатюрное устройство &mdash; z&Ouml;m, благодаря которому смартфоны, планшеты, фотоаппараты и экшн-камеры могут вести фото- и видеосъемку в абсолютной темноте.</p>\r\n<p style=\"box-sizing: inherit; margin: 0px 0px 1.5em; color: #656269; font-family: \'PT Sans\'; font-size: 15px;\">Необычный прибор ночного видения (ПНВ) в несколько десятков раз дешевле традиционных ПНВ. Концепция нового устройства родилась из идеи игрушки для младшего брата.</p>\r\n<p style=\"box-sizing: inherit; margin: 0px 0px 1.5em; color: #656269; font-family: \'PT Sans\'; font-size: 15px;\">Матрицы цифровых фотоаппаратов воспринимают широкий спектр излучения, включая невидимый для человека и животных. Смартфоны и фотоаппараты оборудованы специальными фильтрами, которые отсекают все лишние частоты, в том числе инфракрасный диапазон.</p>\r\n<p style=\"box-sizing: inherit; margin: 0px 0px 1.5em; color: #656269; font-family: \'PT Sans\'; font-size: 15px;\">Благодаря этому картинка получается естественной. Стремление создать устройство, которое бы обходило инфракрасные фильтры смартфонов, и привело к появлению ПНВ z&Ouml;m &mdash; уникального устройства, которому нет аналогов в мире. Прибор разрабатывался с чистого листа, его создатели использовали исключительно свои идеи и личный опыт.</p>\r\n<div class=\"b-material-text__adv-video\" style=\"box-sizing: inherit; color: #656269; font-family: \'PT Sans\'; font-size: 15px;\">&nbsp;</div>\r\n<p style=\"box-sizing: inherit; margin: 0px 0px 1.5em; color: #656269; font-family: \'PT Sans\'; font-size: 15px;\">Принцип работы ПНВ z&Ouml;m: прибор генерирует ИК-излучение с длиной волны 740-850 нм. Мощный поток излучения в приборе преодолевает ИК-фильтр камеры, так как он не в состоянии противостоять такому мощному потоку. В зависимости от технических возможностей камеры четыре излучателя z&Ouml;m позволяют &laquo;видеть&raquo; на расстояние до 300 метров. Создатели устройства применили инфракрасные излучатели на основе арсенида галлия для получения столь внушительных результатов. Термоменеджмент обеспечивает корпус из магниевого сплава с тепловыми трубками. Питается ПНВ от аккумулятора или батарейки типа ААА.</p>\r\n<p style=\"box-sizing: inherit; margin: 0px 0px 1.5em; color: #656269; font-family: \'PT Sans\'; font-size: 15px;\">Главные достоинства z&Ouml;m &mdash; универсальность и простота применения. Его не нужно &laquo;согласовывать&raquo; со смартфоном или камерой. Необходимо только совместить оптическую ось прибора и камеры, приложив устройство к задней крышке смартфона. Объектив камеры в этом случае выполняет роль видоискателя, а дисплей превращается в монитор. z&Ouml;m фиксируется на тыльной стороне смартфона при помощи многоразового скотча. Устройство прекрасно работает с любыми смартфонами &mdash; от самых дешевых до дорогих. Кроме того, ТТХ прибора возрастает параллельно с возможностями камер дорогих телефонов, более чувствительных к инфракрасному излучению.</p>\r\n<p style=\"box-sizing: inherit; margin: 0px 0px 1.5em; color: #656269; font-family: \'PT Sans\'; font-size: 15px;\">Использовать z&Ouml;m можно и с экшн-камерой. Смартфон с прибором, установленным при помощи переходника на оптический прицел, может пригодиться охотникам. Широкое применение ПНВ z&Ouml;m может найти также в службах охраны.</p>\r\n<p style=\"box-sizing: inherit; margin: 0px 0px 1.5em; color: #656269; font-family: \'PT Sans\'; font-size: 15px;\">Инфракрасные прожекторы z&Ouml;m представлены двумя моделями: z&Ouml;m-toy и z&Ouml;m-pro.</p>\r\n<p style=\"box-sizing: inherit; margin: 0px 0px 1.5em; color: #656269; font-family: \'PT Sans\'; font-size: 15px;\">Профессиональная версия отличается от базовой частотой излучения &mdash; 900 нм &mdash; и позволяет регулировать мощность. Корпус прибора имеет дополнительные перья охлаждения и тефлоновое покрытие. Аппарат изготовлен в соответствии с классом пылевлагозащищенности ip 67.</p>\r\n<p style=\"box-sizing: inherit; margin: 0px 0px 1.5em; color: #656269; font-family: \'PT Sans\'; font-size: 15px;\">Непрерывное время работы z&Ouml;m-pro &mdash; около часа.</p>\r\n<p style=\"box-sizing: inherit; margin: 0px 0px 1.5em; color: #656269; font-family: \'PT Sans\'; font-size: 15px;\">Как рассказали разработчики z&Ouml;m, изначально планировалось использовать устройство для развлечения, ведь оно задумывалось как игрушка. Но в ходе разработки стало ясно, что спектр применения z&Ouml;m куда более широк. В игровой индустрии ПНВ пригодится в тактических играх и в ночных экскурсиях в лесу. Как шутят разработчики, их прибор &mdash; это игрушка для мальчишек любого возраста&nbsp;от одного до ста лет.</p>\r\n<p style=\"box-sizing: inherit; margin: 0px 0px 1.5em; color: #656269; font-family: \'PT Sans\'; font-size: 15px;\">Большинство функционально близких z&Ouml;m устройств, которые предлагают другие компании, намного дороже и менее унифицированы. Так, цифровой ПНВ американского производства NEPVS-14 рассчитан на применение только с конкретной камерой и на данный момент имеет стоимость около $4500 &mdash; это почти в 300 раз дороже устройства z&Ouml;m. ПНВ z&Ouml;m&nbsp;можно использовать в комбинации с любым недорогим смартфоном, это не ухудшит потребительские характеристики прибора.</p>\r\n<p style=\"box-sizing: inherit; margin: 0px 0px 1.5em; color: #656269; font-family: \'PT Sans\'; font-size: 15px;\">Сейчас z&Ouml;m-toy можно заказать на официальном сайте<a style=\"box-sizing: inherit; background-color: transparent; color: #4cadc9; text-decoration-line: none;\" href=\"https://noisen.ru/\" data-eid=\"external-link\">www.noisen.ru</a>по акционной цене (акция действует с 01.06.2017 до 01.09.2017), которая может быть более чем в 20 раз ниже, чем стоимость традиционного ПНВ. Цена действует при условии регистрации: нужно просто подписаться на новости компании. Планируемая дата начала производства z&Ouml;m в России &mdash; конец 2017 года. Следующий этап &mdash; серийное изготовление приборов в Китае. В сентябре, до старта производства, будет запущена кампания по сбору средств на серийное изготовление устройства. Разработчики прибора уделили внимание также защите интеллектуальной собственности: ведь принцип действия прибора довольно прост, и, имея в руках серийный образец, его легко можно подделать.</p>\r\n<p style=\"box-sizing: inherit; margin: 0px 0px 1.5em; color: #656269; font-family: \'PT Sans\'; font-size: 15px;\">Основатели проекта z&Ouml;m уверены в его успехе, так как доступность и невысокая цена прибора позволит каждому испытать незабываемое ощущение &mdash; видеть в полной темноте и при этом без специального дорогостоящего оборудования, на дисплее привычного и удобного смартфона.</p>\r\n<p style=\"box-sizing: inherit; margin: 0px 0px 1.5em; color: #656269; font-family: \'PT Sans\'; font-size: 15px;\">Разработчики прибора ночного видения z&Ouml;m &mdash; это команда молодых специалистов с опытом разработки осветительной техники. Реализация проекта даст возможность энтузиастам основать собственную компанию и воплотить массу других идей.</p>','news/October2017/4519002.jpg','2017-10-13 07:37:30','2017-10-13 07:37:30',NULL,NULL),(65,'Изобретения российских студентов из регионов (свежая подборка 2017)','2016-07-10','<p style=\"box-sizing: inherit; margin: 0px 0px 1.5em; color: #656269; font-family: \'PT Sans\'; font-size: 15px;\">Студент из Казанского национального исследовательского технологического университета Иван Захаров изобрел уникальную пленку, она полностью съедобна и разлагается под воздействием воды, это очень сильно может помочь в разработке экологически безопасных пакетов.</p>\r\n<p style=\"box-sizing: inherit; margin: 0px 0px 1.5em; color: #656269; font-family: \'PT Sans\'; font-size: 15px;\">Изобретатель не называет всех компонентов, но утверждает, что эта пленка была создана на основе крахмала. Благодаря своей уникальной составляющей она разлагается в воде всего лишь в течение суток, когда обычный полиэтилен от 50 до 1000 лет.</p>\r\n<p style=\"box-sizing: inherit; margin: 0px 0px 1.5em; color: #656269; font-family: \'PT Sans\'; font-size: 15px;\">Изобретение пока что не обзавелось собственным патентом, разработчики хотят провести как можно больше испытаний, прежде чем подадут заявку. Студент признался, что его вдохновили китайские инновации, в частности обертки из под конфет на основе моркови.<br style=\"box-sizing: inherit;\" />Магистрант Уральского федерального университета из Нигерии Кингсли Дуру Цхидумага вместе с учеными Университета ИТМО из Санкт-Петербурга разработал технологию получения полезных биодобавок из отходов производства соевого белка. Выделенные вещества можно будет добавлять в йогурт и в хлеб &mdash; &laquo;улучшенные&raquo; продукты предполагается использовать для профилактики и лечения различных заболеваний (от диабета до остеопороза).</p>\r\n<p style=\"box-sizing: inherit; margin: 0px 0px 1.5em; color: #656269; font-family: \'PT Sans\'; font-size: 15px;\">Команда второкурсников Томского политехнического университета представила медицинский браслет PillBand. Он будет полезен людям, которые должны пить лекарства ежедневно в определенное время. Таблетки помещаются в ячейки устройства, в настройках браслета выставляется время их приема, и в нужный момент звучит сигнал-напоминание. В мире есть аналоги подобных браслетов, однако разработка томских студентов позволяет не только соблюдать режим приема лекарств, но и носить в браслете таблетки, причем разного размера. Кроме того, PillBand не надо снимать с руки, чтобы принять лекарство &mdash; значит, меньше шансов его забыть или потерять.</p>\r\n<p style=\"box-sizing: inherit; margin: 0px 0px 1.5em; color: #656269; font-family: \'PT Sans\'; font-size: 15px;\">Первокурсник направления &laquo;Прикладная механика&raquo; Дальневосточного федерального университета Данил Фонов создал биопротез кисти руки. Он сделан из недорогих материалов, поэтому стоимость прототипа (вместе с нейрошлемом) не превышает 60 тысяч рублей, а минимальная цена подобных устройств на рынке &mdash; около полумиллиона рублей. Студент придумал печатать детали протеза на 3D-принтере из биоразлагаемого пластика. В дальнейшем для производства искусственной руки Данил Фонов планирует использовать титан, алюминий и карбон. И хотя цена такого протеза возрастет, все равно он будет стоить примерно в три раза меньше, чем существующие аналоги.</p>\r\n<p style=\"box-sizing: inherit; margin: 0px 0px 1.5em; color: #656269; font-family: \'PT Sans\'; font-size: 15px;\">При замене сосудов малого диаметра синтетическими аналогами хирурги сталкиваются с рядом проблем. Студенты Новосибирского государственного университета совместно с учеными Института цитологии и генетики СО РАН разработали клеточно-наполненный трансплантат для таких операций, моделирующий естественную структуру сосудов. Это позволит избежать негативных последствий трансплантации: снизит риск воспаления, тромбоза и других иммунопатологических процессов, приводящих к повторному закупориванию сосудов.</p>\r\n<p style=\"box-sizing: inherit; margin: 0px 0px 1.5em; color: #656269; font-family: \'PT Sans\'; font-size: 15px;\">Студент Института прикладной математики и механики Санкт-Петербургского политехнического университета Петра Великого Глеб Мирошник разработал прибор, позволяющий &laquo;переводить&raquo; тексты с языка Брайля на русский. Изобретение предполагается использовать для обучения людей, теряющих зрение, а также для тренировки сотрудников образовательных центров незрячих и слабовидящих людей. Интерактивный тренажер, напоминающий игровой джойстик, умеет переводить символы &laquo;языка слепых&raquo; в обычные печатные буквы и цифры. Устройство стоит относительно недорого, поэтому его смогут приобрести центры реабилитации, курсы, где преподают язык Брайля, а также другие организации, работающие с незрячими людьми.</p>\r\n<p style=\"box-sizing: inherit; margin: 0px 0px 1.5em; color: #656269; font-family: \'PT Sans\'; font-size: 15px;\">Студенты Института естественных наук и математики Уральского федерального университета представили робота для работы на Луне. Устройство выполняет задания в полностью автономном режиме &mdash; например, может собирать лунные модули или сортировать титановую руду. Пока тестирование проходит на Земле, но создатели уверены, что робот вполне готов для &laquo;лунной&raquo; работы.</p>\r\n<p style=\"box-sizing: inherit; margin: 0px 0px 1.5em; color: #656269; font-family: \'PT Sans\'; font-size: 15px;\">Выпускники института инженерной физики и радиоэлектроники Сибирского федерального университета разработали &laquo;умный&raquo; ошейник с GPS-навигатором для собак и кошек. Устройством можно управлять с помощью приложения для смартфона. Например, отслеживать местоположение своего питомца, а также следить за его здоровьем &mdash; ошейник передает данные о температуре, давлении и пульсе. В случае, если эти показатели отклоняются от нормы, на телефон владельцу приходит смс. Пока браслет работает только для короткошерстных собак и кошек, в будущем разработчики намерены его доработать и для длинношерстных питомцев.</p>','news/October2017/скачанные-файлы1.jpg','2017-10-13 07:38:00','2017-10-13 07:38:00',NULL,NULL),(66,'Курские студенты изобрели способ делать деньги из дыма','2016-07-17','<p style=\"box-sizing: inherit; margin: 0px 0px 1.5em; color: #656269; font-family: \'PT Sans\'; font-size: 15px;\">Студент из Курска Алексей Бурцев о своей новой разработке:</p>\r\n<p style=\"box-sizing: inherit; margin: 0px 0px 1.5em; color: #656269; font-family: \'PT Sans\'; font-size: 15px;\">&mdash; Мною представлены схемы создания микроклимата за счет геотермальной энергии, &mdash; пояснил молодой изобретатель. &mdash; В совокупности с системой &laquo;Умный дом&raquo; к зданию не нужно протягивать электрокабели, не нужно подключать газ.</p>\r\n<p style=\"box-sizing: inherit; margin: 0px 0px 1.5em; color: #656269; font-family: \'PT Sans\'; font-size: 15px;\">&mdash; Проблема в том, что наши инвесторы понимают, что им нужно вложить свои деньги и тут же получить прибыль. Но такого не бывает. Поэтому многие &laquo;Старт-апы&raquo; бракуют и закрывают, &mdash; сетует талантливый студент.</p>\r\n<p style=\"box-sizing: inherit; margin: 0px 0px 1.5em; color: #656269; font-family: \'PT Sans\'; font-size: 15px;\">&nbsp;</p>\r\n<p style=\"box-sizing: inherit; margin: 0px 0px 1.5em; color: #656269; font-family: \'PT Sans\'; font-size: 15px;\">&mdash; В этом году мы встречались с инвесторами из Малайзии, они очень заинтересованы в нашем изобретении, &mdash; рассказывает Алексей Бурцев.</p>\r\n<p style=\"box-sizing: inherit; margin: 0px 0px 1.5em; color: #656269; font-family: \'PT Sans\'; font-size: 15px;\">Юные изобретатели были отмечены благодарственными письмами, с их идеями познакомились власти, а сами студенты теперь могут сделать необходимые выводы.</p>\r\n<p style=\"box-sizing: inherit; margin: 0px 0px 1.5em; color: #656269; font-family: \'PT Sans\'; font-size: 15px;\">https://46tv.ru/new/education/007084/</p>','news/October2017/images50473_2bf7440a6c6958a36588b8298b799696.jpg','2017-10-13 07:39:54','2017-10-13 07:39:54',NULL,NULL),(67,'РОССИЙСКИЕ СТУДЕНТЫ ИЗОБРЕЛИ СПОСОБ ЛЕЧИТЬ ФАНТОМНЫЕ БОЛИ С ПОМОЩЬЮ СМАРТФОНА','2016-07-17','<p style=\"box-sizing: inherit; margin: 0px 0px 1.5em; color: #656269; font-family: \'PT Sans\'; font-size: 15px;\">Лечение с помощью смартфона. Двое ярославских студентов придумали способ избавиться от синдрома хронических фантомных болей. Программа-приложение для телефона через специальные очки позволяет человеку, пережившему ампутацию, визуально моделировать утраченный орган. Таким образом снижается или вовсе исчезает боль, пишет Российская газета.</p>\r\n<p style=\"box-sizing: inherit; margin: 0px 0px 1.5em; color: #656269; font-family: \'PT Sans\'; font-size: 15px;\">Уже доказано, что проблема фантомных болей таится в головном мозге. Поэтому сознание попросту надо убедить в целостности отсутствующей конечности. Приложение уже прошло испытания. И довольно успешно. Его даже похвалили&nbsp; лучшие российские эксперты.</p>','news/October2017/d8a469ab64978032b16c3c250e920bd2jpg20170629101455000000d8a469ab64978032b16c3c250e920bd2-700x500.jpg','2017-10-13 07:40:22','2017-10-13 07:40:22',NULL,NULL),(68,'Playrixcon 2017 прошел в Вологде','2016-07-25','<p><span style=\"color: #656269; font-family: \'PT Sans\'; font-size: 15px;\">В городе Вологда накануне завершилась очередная корпоративная конференция компании&nbsp;</span><a style=\"box-sizing: inherit; color: #4cadc9; text-decoration-line: none; font-family: \'PT Sans\'; font-size: 15px;\" href=\"https://vk.com/away.php?to=https%3A%2F%2Fwww.playrix.ru%2F&amp;post=178674282_2980&amp;cc_key=\" target=\"_blank\" rel=\"noopener noreferrer\">https://www.playrix.ru/</a><span style=\"color: #656269; font-family: \'PT Sans\'; font-size: 15px;\">которая собрала более 500 сотрудников компании со всего мира. Playrix &mdash; ярчайший пример того как создать it компанию мирового уровня из провинциального российского городка с населением &gt;300К</span></p>','news/October2017/8ZOzEBeq5C4-870x500.jpg','2017-10-13 07:40:51','2017-10-13 07:40:51',NULL,NULL),(69,'Митап от СберТеха в Рязани','2016-07-26','<p style=\"box-sizing: inherit; margin: 0px 0px 1.5em; color: #656269; font-family: \'PT Sans\'; font-size: 15px;\"><strong style=\"box-sizing: inherit;\">Митап &laquo;DevNotes #1. Рецепты приготовления web в enterprise&raquo;</strong></p>\r\n<p style=\"box-sizing: inherit; margin: 0px 0px 1.5em; color: #656269; font-family: \'PT Sans\'; font-size: 15px;\"><em style=\"box-sizing: inherit;\">&nbsp;</em></p>\r\n<p style=\"box-sizing: inherit; margin: 0px 0px 1.5em; color: #656269; font-family: \'PT Sans\'; font-size: 15px;\"><em style=\"box-sizing: inherit;\">Рязань &ndash; СберТех приглашает на митап &laquo;</em><em style=\"box-sizing: inherit;\">DevNotes</em><em style=\"box-sizing: inherit;\">&nbsp;#1. Рецепты приготовления&nbsp;</em><em style=\"box-sizing: inherit;\">web</em><em style=\"box-sizing: inherit;\">&nbsp;в&nbsp;</em><em style=\"box-sizing: inherit;\">enterprise</em><em style=\"box-sizing: inherit;\">&laquo;,&nbsp;</em><em style=\"box-sizing: inherit;\">посвященный разработке крупных систем уровня Enterprise.&nbsp;</em><em style=\"box-sizing: inherit;\">Мероприятие пройдет в Рязани 29 июля в конгресс-отеле &laquo;Старый город&raquo;.</em></p>\r\n<p style=\"box-sizing: inherit; margin: 0px 0px 1.5em; color: #656269; font-family: \'PT Sans\'; font-size: 15px;\">&nbsp;</p>\r\n<p style=\"box-sizing: inherit; margin: 0px 0px 1.5em; color: #656269; font-family: \'PT Sans\'; font-size: 15px;\">На встрече разработчики узнают, как создать отказоустойчивые распределенные системы на базе микросервисов, разберутся в том, как построить инфраструктуру DevOps, позволяющую поддерживать высокий темп разработки и поставки сервисов Единой Фронтальной Системы.</p>\r\n<p style=\"box-sizing: inherit; margin: 0px 0px 1.5em; color: #656269; font-family: \'PT Sans\'; font-size: 15px;\">&nbsp;</p>\r\n<p style=\"box-sizing: inherit; margin: 0px 0px 1.5em; color: #656269; font-family: \'PT Sans\'; font-size: 15px;\"><strong style=\"box-sizing: inherit;\">Для участия в митапе необходимо зарегистрироваться</strong>: https://ao-sberteh-e-2017.timepad.ru/event/533345/</p>','news/October2017/митап_рязань.jpg','2017-10-13 07:41:25','2017-10-13 07:41:25',NULL,NULL),(70,'Подборка разработок российских школьников (лето 2017)','2016-08-14','<p lang=\"en-us\" style=\"box-sizing: inherit; margin: 0px 0px 1.5em; color: #656269; font-family: \'PT Sans\'; font-size: 15px;\">Степан Лапшинов из Москвы изобрел&nbsp;робота с дистанционным управлением, предназначенного для использования на заводах по переработке радиоактивных веществ, в особенности в тех местах, где уровень радиации превышает допустимые нормы.</p>\r\n<p lang=\"en-us\" style=\"box-sizing: inherit; margin: 0px 0px 1.5em; color: #656269; font-family: \'PT Sans\'; font-size: 15px;\">Илья и Олег Дятловы из Санкт-Петербурга и ученик московского лицея Дмитрий Затекин&nbsp;разработали&nbsp;робота-паука &mdash; это небольшая машина, управляемая силой мысли, а также андроиды с адаптивным взаимодействием, которые могут обмениваться информацией.</p>\r\n<p lang=\"en-us\" style=\"box-sizing: inherit; margin: 0px 0px 1.5em; color: #656269; font-family: \'PT Sans\'; font-size: 15px;\">Студент Дальневосточного федерального университета Алексей Смоляков вывел&nbsp;новый композитный материал для строительства, позволяющий снизить загрязнение окружающей среды, а Ксения Пуртова из Сарова изобрела&nbsp;способ определения чистоты воды по началу ее кипения.</p>\r\n<p lang=\"en-us\" style=\"box-sizing: inherit; margin: 0px 0px 1.5em; color: #656269; font-family: \'PT Sans\'; font-size: 15px;\">Школьница из Перми Ирина Масленникова изобрела&nbsp;компактный портативный фиксатор для иммобилизации пострадавшего с открытым или закрытым переломом конечностей.</p>\r\n<p lang=\"en-us\" style=\"box-sizing: inherit; margin: 0px 0px 1.5em; color: #656269; font-family: \'PT Sans\'; font-size: 15px;\">Устройство, помогающее слабовидящим ориентироваться в пространстве, создал москвич Михаил Сурков.</p>\r\n<p lang=\"en-us\" style=\"box-sizing: inherit; margin: 0px 0px 1.5em; color: #656269; font-family: \'PT Sans\'; font-size: 15px;\">Десятиклассник Максим Бушуев из школы информатики &laquo;Вектор ++&raquo; в Сарове построил&nbsp;миниатюрный роботизированный автомобиль, который способен распознавать дорожные знаки и сигналы светофоров, а также снижать скорость или останавливаться в зависимости от полученной информации. При этом первым его изобретением был умный светофор, который анализировал скорость машин и мог заранее рассчитать успеет ли она затормозить перед стоп-линией, чтобы при необходимости предупредить об этом пешеходов.</p>\r\n<p lang=\"en-us\" style=\"box-sizing: inherit; margin: 0px 0px 1.5em; color: #656269; font-family: \'PT Sans\'; font-size: 15px;\">Среди других изобретений &mdash; автономное устройство, определяющее источник звука. По мнению его автора Марии Яушкиной, ученицы школы &laquo;Вектор ++&raquo;, оно может пригодиться спецслужбам.</p>\r\n<p lang=\"en-us\" style=\"box-sizing: inherit; margin: 0px 0px 1.5em; color: #656269; font-family: \'PT Sans\'; font-size: 15px;\">Яна Безверхняя из Комсомольска-на-Амуре создала&nbsp;умный аквариум, оснащенный системой автоматического кормления рыб и регулирования освещения.</p>','news/October2017/скачанные-файлы-800x500.jpg','2017-10-13 07:54:05','2017-10-13 07:54:05',NULL,NULL),(71,'СПЕЦИАЛЬНО ОТ «ТЕЛЕКОМ ИДЕЯ-2017» — ОСТАЛОСЬ ШЕСТЬ ДНЕЙ!','2016-08-14','<p style=\"box-sizing: inherit; margin: 0px 0px 1.5em; color: #656269; font-family: \'PT Sans\'; font-size: 15px;\"><em style=\"box-sizing: inherit;\">С 10 мая по 21 августа &mdash; прием заявок. Участникам необходимо зарегистрироваться на сайте проекта и заполнить небольшую анкету.</em></p>\r\n<p style=\"box-sizing: inherit; margin: 0px 0px 1.5em; color: #656269; font-family: \'PT Sans\'; font-size: 15px;\"><strong style=\"box-sizing: inherit;\"><em style=\"box-sizing: inherit;\">Сделать это можно здесь:&nbsp;<a style=\"box-sizing: inherit; background-color: transparent; color: #4cadc9; text-decoration-line: none;\" href=\"https://vk.com/away.php?to=https%3A%2F%2Fgoo.gl%2FwYeGwk&amp;post=-17143628_4743&amp;cc_key=\" target=\"_blank\" rel=\"noopener noreferrer\">https://goo.gl/wYeGwk</a>&nbsp;</em></strong></p>\r\n<p style=\"box-sizing: inherit; margin: 0px 0px 1.5em; color: #656269; font-family: \'PT Sans\'; font-size: 15px;\"><em style=\"box-sizing: inherit;\">До 8 сентября будет проходить отбор проектов &mdash; эксперты &laquo;Телеком Идеи&raquo; внимательно изучат каждую заявку и определят участников, которые пройдут дальше.</em></p>\r\n<p style=\"box-sizing: inherit; margin: 0px 0px 1.5em; color: #656269; font-family: \'PT Sans\'; font-size: 15px;\"><em style=\"box-sizing: inherit;\">29 сентября состоится очная питч-сессия, где и будут выбраны победители проекта</em></p>\r\n<p style=\"box-sizing: inherit; margin: 0px 0px 1.5em; color: #656269; font-family: \'PT Sans\'; font-size: 15px;\"><em style=\"box-sizing: inherit;\">26 октября &mdash; финал &laquo;Телеком Идеи&raquo;.</em></p>\r\n<p style=\"box-sizing: inherit; margin: 0px 0px 1.5em; color: #656269; font-family: \'PT Sans\'; font-size: 15px;\"><em style=\"box-sizing: inherit;\">По итогам программы победители отправятся в Европу на одну из крупнейших стартап-конференций!&nbsp;</em></p>\r\n<p style=\"box-sizing: inherit; margin: 0px 0px 1.5em; color: #656269; font-family: \'PT Sans\'; font-size: 15px;\"><em style=\"box-sizing: inherit;\">Заявки на участие принимаются до 21 августа.</em></p>\r\n<p style=\"box-sizing: inherit; margin: 0px 0px 1.5em; color: #656269; font-family: \'PT Sans\'; font-size: 15px;\"><strong style=\"box-sizing: inherit;\"><em style=\"box-sizing: inherit;\">Регистрация занимает пару минут, а пройти ее можно здесь:&nbsp;<a style=\"box-sizing: inherit; background-color: transparent; color: #4cadc9; text-decoration-line: none;\" href=\"https://vk.com/away.php?to=https%3A%2F%2Fgoo.gl%2FwYeGwk&amp;post=-17143628_4743&amp;cc_key=\" target=\"_blank\" rel=\"noopener noreferrer\">https://goo.gl/wYeGwk</a></em></strong></p>','news/October2017/Xrranvupw0c-870x500.jpg','2017-10-13 07:54:33','2017-10-13 07:54:33',NULL,NULL),(73,'«Рыбаков Фонд» и Бизнес-инкубатор ВШЭ при поддержке Бизнес-инкубатора «Ингрия» запустили акселератор Phil.Tech','2016-08-15','<p dir=\"ltr\" style=\"box-sizing: inherit; margin: 0px 0px 1.5em; color: #656269; font-family: \'PT Sans\'; font-size: 15px;\">Цель акселератора&nbsp;<strong style=\"box-sizing: inherit;\">Phil.Tech</strong>&nbsp;(Technologies for Philanthropy) &mdash; развить продукты и технологии для более эффективной и прозрачной работы некоммерческих организаций: благотворительных фондов, социальных предпринимателей, активистов и волонтеров.</p>\r\n<p style=\"box-sizing: inherit; margin: 0px 0px 1.5em; color: #656269; font-family: \'PT Sans\'; font-size: 15px;\">&nbsp;</p>\r\n<p dir=\"ltr\" style=\"box-sizing: inherit; margin: 0px 0px 1.5em; color: #656269; font-family: \'PT Sans\'; font-size: 15px;\">К участию приглашаются самостоятельные специалисты из разных сфер и готовые команды технологических стартапов, в том числе digital агентства.</p>\r\n<p dir=\"ltr\" style=\"box-sizing: inherit; margin: 0px 0px 1.5em; color: #656269; font-family: \'PT Sans\'; font-size: 15px;\"><a style=\"box-sizing: inherit; background-color: transparent; color: #4cadc9; text-decoration-line: none;\" href=\"http://go.philtech.ru/apply_project\" target=\"_blank\" rel=\"noopener noreferrer\">Заявки принимаются весь август &gt;&gt;</a></p>\r\n<p style=\"box-sizing: inherit; margin: 0px 0px 1.5em; color: #656269; font-family: \'PT Sans\'; font-size: 15px;\">&nbsp;</p>\r\n<p style=\"box-sizing: inherit; margin: 0px 0px 1.5em; color: #656269; font-family: \'PT Sans\'; font-size: 15px;\">Команды с сопровождением трекеров и экспертов будут работать над развитием своих проектов.</p>\r\n<p style=\"box-sizing: inherit; margin: 0px 0px 1.5em; color: #656269; font-family: \'PT Sans\'; font-size: 15px;\">&nbsp;</p>\r\n<p dir=\"ltr\" style=\"box-sizing: inherit; margin: 0px 0px 1.5em; color: #656269; font-family: \'PT Sans\'; font-size: 15px;\"><strong style=\"box-sizing: inherit;\">Акселератор нацелен на масштабируемые B2B и B2G решения по направлениям:</strong></p>\r\n<ul style=\"box-sizing: inherit; margin-top: 0px; margin-bottom: 12px; padding-top: 12px; padding-bottom: 12px; color: #656269; font-family: \'PT Sans\'; font-size: 15px;\">\r\n<li dir=\"ltr\" style=\"box-sizing: inherit; padding: 0px 0px 11px; list-style: none; position: relative;\">\r\n<p dir=\"ltr\" style=\"box-sizing: inherit; margin: 0px 0px 1.5em;\">&mdash; Управление организацией: CRM, ERP, HR, управление проектами, консалтинг.</p>\r\n</li>\r\n<li dir=\"ltr\" style=\"box-sizing: inherit; padding: 0px 0px 11px; list-style: none; position: relative;\">\r\n<p dir=\"ltr\" style=\"box-sizing: inherit; margin: 0px 0px 1.5em;\">&mdash; Развитие сообществ и коммуникации: инструменты для работы с сообществами и партнерами, обмена лучшими практиками.</p>\r\n</li>\r\n<li dir=\"ltr\" style=\"box-sizing: inherit; padding: 0px; list-style: none; position: relative;\">\r\n<p dir=\"ltr\" style=\"box-sizing: inherit; margin: 0px 0px 1.5em;\">&mdash; Городская среда и другие нишевые проекты.</p>\r\n</li>\r\n</ul>\r\n<p style=\"box-sizing: inherit; margin: 0px 0px 1.5em; color: #656269; font-family: \'PT Sans\'; font-size: 15px;\">&nbsp;</p>\r\n<p dir=\"ltr\" style=\"box-sizing: inherit; margin: 0px 0px 1.5em; color: #656269; font-family: \'PT Sans\'; font-size: 15px;\">&laquo;Акселератор будет способствовать тому, чтобы лучшие социальные практики масштабировались с помощью онлайн-инструментов. Нам особенно интересны проекты, которые используют современные технологии, такие как блокчейн, большие данные, открытые данные, дополненная реальность, машинное обучение. Мы поможем погрузиться в проблематику сектора, узнать о новых трендах, выбрать тематическое направление и сформировать команду&raquo;, &mdash; говорит вице-президент &laquo;Рыбаков Фонда&raquo;&nbsp;Алёна Светушкова.</p>\r\n<p style=\"box-sizing: inherit; margin: 0px 0px 1.5em; color: #656269; font-family: \'PT Sans\'; font-size: 15px;\">&nbsp;</p>\r\n<p dir=\"ltr\" style=\"box-sizing: inherit; margin: 0px 0px 1.5em; color: #656269; font-family: \'PT Sans\'; font-size: 15px;\">&laquo;Есть стереотип, что НКО &mdash; неплатежеспособные клиенты, социальная сфера &mdash; мертвый рынок. На самом деле, это миф. Если посчитать расходы всех игроков на этом рынке, включая социальные программы корпораций и социальных предпринимателей, то это десятки миллиардов рублей ежегодно. Но самое интересное, что для России и восточной Европы это растущий рынок. Если мы посмотрим на экономику развитых стран, то увидим, что сервисы для НКО &mdash; это вполне самостоятельная ниша. У нас все только начинается&raquo;, &mdash; комментирует Юлиан Спектор, руководитель направления &laquo;Социальный бизнес&raquo; Бизнес-инкубатора ВШЭ.</p>\r\n<p style=\"box-sizing: inherit; margin: 0px 0px 1.5em; color: #656269; font-family: \'PT Sans\'; font-size: 15px;\">&nbsp;</p>\r\n<p dir=\"ltr\" style=\"box-sizing: inherit; margin: 0px 0px 1.5em; color: #656269; font-family: \'PT Sans\'; font-size: 15px;\">До&nbsp;<strong style=\"box-sizing: inherit;\">9 сентября</strong>&nbsp;в&nbsp;<a style=\"box-sizing: inherit; background-color: transparent; color: #4cadc9; text-decoration-line: none;\" href=\"http://ingria-startup.ru/\" target=\"_blank\" rel=\"noopener noreferrer\">Бизнес-инкубаторе &laquo;Ингрия&raquo;</a>&nbsp;будут проходить встречи с экспертами и трекерами для отобраных Phil.Tech проектов.</p>\r\n<p style=\"box-sizing: inherit; margin: 0px 0px 1.5em; color: #656269; font-family: \'PT Sans\'; font-size: 15px;\">&nbsp;</p>\r\n<p style=\"box-sizing: inherit; margin: 0px 0px 1.5em; color: #656269; font-family: \'PT Sans\'; font-size: 15px;\"><a style=\"box-sizing: inherit; background-color: transparent; color: #4cadc9; text-decoration-line: none;\" href=\"http://go.philtech.ru/apply_project\" target=\"_blank\" rel=\"noopener noreferrer\">Подать заявку &gt;&gt;</a></p>\r\n<p style=\"box-sizing: inherit; margin: 0px 0px 1.5em; color: #656269; font-family: \'PT Sans\'; font-size: 15px;\">&nbsp;</p>\r\n<p dir=\"ltr\" style=\"box-sizing: inherit; margin: 0px 0px 1.5em; color: #656269; font-family: \'PT Sans\'; font-size: 15px;\">За время акселерации участники смогут выбрать нишу и понять проблемы потребителей, протестировать продукт и привлечь первых пользователей, найти партнеров и при необходимости привлечь финансирование. Организатором были собраны проблемы и задачи НКО и муниципалитетов.</p>\r\n<p dir=\"ltr\" style=\"box-sizing: inherit; margin: 0px 0px 1.5em; color: #656269; font-family: \'PT Sans\'; font-size: 15px;\">Завершится акселератор в октябре: пятнадцать команд пройдут финальный интенсив в столице и выступят на Демо дне, представив свои наработки инвесторам, представителям НКО, СМИ, государственным структурам.</p>\r\n<p style=\"box-sizing: inherit; margin: 0px 0px 1.5em; color: #656269; font-family: \'PT Sans\'; font-size: 15px;\">&nbsp;</p>\r\n<p dir=\"ltr\" style=\"box-sizing: inherit; margin: 0px 0px 1.5em; color: #656269; font-family: \'PT Sans\'; font-size: 15px;\">Подробнее о программе акселератора Phil.Tech и условиях участия &mdash;&nbsp;<a style=\"box-sizing: inherit; background-color: transparent; color: #4cadc9; text-decoration-line: none;\" href=\"http://go.philtech.ru/\">на сайте</a>.</p>','news/October2017/827h275philtech.png','2017-10-13 07:55:30','2017-10-13 07:55:30',NULL,NULL),(74,'ДЛЯ ТЕХ, КТО ПЛАНИРУЕТ ЗАЩИТИТЬ СВОЮ ИНТЕЛЛЕКТУАЛЬНУЮ СОБСТВЕННОСТЬ И ПОЛУЧИТЬ ПАТЕНТ','2016-08-15','<p style=\"box-sizing: inherit; margin: 0px 0px 1.5em; color: #656269; font-family: \'PT Sans\'; font-size: 15px;\"><em style=\"box-sizing: inherit;\">С 13 по 15 сентября 2017 года в инновационном центре&nbsp;<a class=\"mem_link\" style=\"box-sizing: inherit; background-color: transparent; color: #4cadc9; text-decoration-line: none;\" href=\"https://vk.com/fondskolkovo\">&laquo;Сколково&raquo;</a>&nbsp;пройдет крупнейшее в России и СНГ мероприятие, посвященное вопросам регистрации и защиты объектов интеллектуальной собственности &mdash;&nbsp;<strong style=\"box-sizing: inherit;\">Патентная Школа Сколково</strong>.</em></p>\r\n<p style=\"box-sizing: inherit; margin: 0px 0px 1.5em; color: #656269; font-family: \'PT Sans\'; font-size: 15px;\"><em style=\"box-sizing: inherit;\">На Патентной Школе участники смогут узнать о последних трендах в сфере интеллектуальной собственности и патентования, особенностях получения патентов в странах ЕС, США и Китае, каким образом патентные исследования помогают определить перспективность технологии и какие принципы патентования биомедицинских технологий и IT-решений.</em></p>\r\n<p style=\"box-sizing: inherit; margin: 0px 0px 1.5em; color: #656269; font-family: \'PT Sans\'; font-size: 15px;\"><em style=\"box-sizing: inherit;\"><strong style=\"box-sizing: inherit;\">Стоимость участия в Патентной Школе &mdash; 9000 руб.</strong></em></p>\r\n<p style=\"box-sizing: inherit; margin: 0px 0px 1.5em; color: #656269; font-family: \'PT Sans\'; font-size: 15px;\"><em style=\"box-sizing: inherit;\">В стоимость входит:</em><br style=\"box-sizing: inherit;\" /><em style=\"box-sizing: inherit;\">&mdash; 3х-дневная деловая программа с участием ведущих</em><br style=\"box-sizing: inherit;\" /><em style=\"box-sizing: inherit;\">российских и иностранных экспертов в области патентования</em><br style=\"box-sizing: inherit;\" /><em style=\"box-sizing: inherit;\">&mdash; возможность лично задать интересующий вопрос спикеру&nbsp;</em><br style=\"box-sizing: inherit;\" /><em style=\"box-sizing: inherit;\">&mdash; комфортные трансферы от/до м. Парк Победы&nbsp;</em><br style=\"box-sizing: inherit;\" /><em style=\"box-sizing: inherit;\">&mdash; вкусные обеды и кофе брейки в течение трех дней мероприятия&nbsp;</em><br style=\"box-sizing: inherit;\" /><em style=\"box-sizing: inherit;\">&mdash; сертификат участника&nbsp;</em></p>\r\n<p style=\"box-sizing: inherit; margin: 0px 0px 1.5em; color: #656269; font-family: \'PT Sans\'; font-size: 15px;\"><em style=\"box-sizing: inherit;\">Узнать более подробную информацию и оставить свою заявку об участии на сайте&nbsp;<strong style=\"box-sizing: inherit;\">https://sk.ru/foundation/events/september2017/patent_school/&nbsp;</strong></em></p>','news/October2017/Screenshot_1-870x302.png','2017-10-13 07:56:04','2017-10-13 07:56:04',NULL,NULL),(75,'ПЕРВЫЙ В РОССИИ КЕЙС-ЧЕМПИОНАТ В СФЕРЕ СТРАХОВАНИЯ InsurCup 2017 — СТАРТ РЕГИСТРАЦИИ УЧАСТНИКОВ!','2016-08-15','<p style=\"box-sizing: inherit; margin: 0px 0px 1.5em; color: #656269; font-family: \'PT Sans\'; font-size: 15px;\"><a class=\"mem_link\" style=\"box-sizing: inherit; background-color: transparent; color: #4cadc9; text-decoration-line: none;\" href=\"https://vk.com/hseinc\">Бизнес-инкубатор ВШЭ</a>&nbsp;совместно с INTOUCH и &laquo;Абсолют Страхование&raquo; запускают первый кейс-чемпионат в сфере страхования &mdash; InsurCup 2017!</p>\r\n<p style=\"box-sizing: inherit; margin: 0px 0px 1.5em; color: #656269; font-family: \'PT Sans\'; font-size: 15px;\">Приглашаются студенты, молодые специалисты, действующие проекты и разработчики для решения четырех актуальных кейсов.</p>\r\n<p style=\"box-sizing: inherit; margin: 0px 0px 1.5em; color: #656269; font-family: \'PT Sans\'; font-size: 15px;\">Лучшие задумки получат экспертную поддержку, финалисты &mdash; денежные гранты, а также возможность реализовать проект совместно с лидерами отрасли страхования.</p>\r\n<p style=\"box-sizing: inherit; margin: 0px 0px 1.5em; color: #656269; font-family: \'PT Sans\'; font-size: 15px;\">Для получения подробных кейсов необходимо зарегистрироваться на сайте &mdash;&nbsp;<strong style=\"box-sizing: inherit;\"><a style=\"box-sizing: inherit; background-color: transparent; color: #4cadc9; text-decoration-line: none;\" href=\"https://vk.com/away.php?to=https%3A%2F%2Fwww.insurcup.ru%2F&amp;post=-17143628_4752&amp;cc_key=\" target=\"_blank\" rel=\"noopener noreferrer\">https://www.insurcup.ru/</a></strong>.</p>\r\n<p style=\"box-sizing: inherit; margin: 0px 0px 1.5em; color: #656269; font-family: \'PT Sans\'; font-size: 15px;\"><strong style=\"box-sizing: inherit;\">Отправить презентацию с решением можно до 5 сентября.</strong></p>','news/October2017/hhOv6hz_LSQ-870x500.jpg','2017-10-13 07:56:29','2017-10-13 07:56:29',NULL,NULL),(76,'ФЕДЕРАЛЬНАЯ ПРОГРАММА «БИЗНЕС КЛАСС» ОТ СБЕРБАНК И GOOGLE НАБИРАЕТ ОБОРОТЫ','2016-08-15','<p style=\"box-sizing: inherit; margin: 0px 0px 1.5em; color: #656269; font-family: \'PT Sans\'; font-size: 15px;\"><em style=\"box-sizing: inherit;\"><strong style=\"box-sizing: inherit;\">&laquo;Бизнес класс&raquo;</strong>&nbsp;&mdash; это бесплатная программа развития бизнеса от Google и ПАО Сбербанк для микро- и малых предпринимателей в реальном секторе экономики</em></p>\r\n<p style=\"box-sizing: inherit; margin: 0px 0px 1.5em; color: #656269; font-family: \'PT Sans\'; font-size: 15px;\"><em style=\"box-sizing: inherit;\">В основе программы &mdash; практические знания от успешных предпринимателей и бизнес-экспертов, передаваемые участникам в формате емких видеоуроков, вебинаров и очного взаимодействия.&nbsp;</em></p>\r\n<p style=\"box-sizing: inherit; margin: 0px 0px 1.5em; color: #656269; font-family: \'PT Sans\'; font-size: 15px;\"><em style=\"box-sizing: inherit;\">Программа рассчитана на 5 месяцев, по итогам которых вовлеченные участники смогут сформировать целостное видение своего бизнеса, систематизировать накопленные знания и наработать бизнес-компетенции.</em></p>\r\n<p style=\"box-sizing: inherit; margin: 0px 0px 1.5em; color: #656269; font-family: \'PT Sans\'; font-size: 15px;\"><em style=\"box-sizing: inherit;\">Как это работает?</em><br style=\"box-sizing: inherit;\" /><em style=\"box-sizing: inherit;\">&mdash; зарегистрируйтесь на сайте&nbsp;<a style=\"box-sizing: inherit; background-color: transparent; color: #4cadc9; text-decoration-line: none;\" href=\"https://vk.com/away.php?to=https%3A%2F%2Fbusiness-class.pro&amp;post=-17143628_4753&amp;cc_key=\" target=\"_blank\" rel=\"noopener noreferrer\">https://business-class.pro</a>&nbsp;</em><br style=\"box-sizing: inherit;\" /><em style=\"box-sizing: inherit;\">&mdash; развивайтесь в режиме &laquo;онлайн&raquo;</em><br style=\"box-sizing: inherit;\" /><em style=\"box-sizing: inherit;\">&mdash; будьте внимательней и зарабатывайте баллы</em><br style=\"box-sizing: inherit;\" /><em style=\"box-sizing: inherit;\">&mdash; изменяйтесь сегодня</em><br style=\"box-sizing: inherit;\" /><em style=\"box-sizing: inherit;\">&mdash; следите за новостями.</em></p>','news/October2017/image006.jpg','2017-10-13 07:56:58','2017-10-13 07:56:58',NULL,NULL),(77,'EVENTIADA IPRA Golden World Awards начинает приём работ','2016-08-16','<p style=\"box-sizing: inherit; margin: 0px 0px 1.5em; color: #656269; font-family: \'PT Sans\'; font-size: 15px;\">В шестой раз международный конкурс отметит лучшие проекты в области коммуникаций. Крупнейшая в Восточной Европе премия&nbsp;<strong style=\"box-sizing: inherit;\">Eventiada Awards</strong>&nbsp;с этого года выбрана региональным партнером Golden Worlds Awards, глобального конкурса, проводимого с 1990 года Международной Ассоциацией по связям с общественностью (IPRA).</p>\r\n<p style=\"box-sizing: inherit; margin: 0px 0px 1.5em; color: #656269; font-family: \'PT Sans\'; font-size: 15px;\">Заявки на проекты, реализованные в срок с 1 сентября 2016 года по 1 cентября 2017 года в России, СНГ и странах Восточной Европы, принимаются на русском и английском языках на сайте&nbsp;<a style=\"box-sizing: inherit; background-color: transparent; color: #4cadc9; text-decoration-line: none;\" href=\"https://vk.com/away.php?to=http%3A%2F%2Fwww.ldfforum.com&amp;post=-17143628_4758&amp;cc_key=\" target=\"_blank\" rel=\"noopener noreferrer\">www.ldfforum.com</a>&nbsp;в разделе Eventiada Awards. Прием заявок продлится до 13 октября 2017 года. Международные эксперты и члены жюри будут оценивать работы с 15 октября до 15 ноября.</p>\r\n<p style=\"box-sizing: inherit; margin: 0px 0px 1.5em; color: #656269; font-family: \'PT Sans\'; font-size: 15px;\"><strong style=\"box-sizing: inherit;\">Церемония награждения победителей состоится 16 ноября 2017 года в Москве.</strong></p>\r\n<p style=\"box-sizing: inherit; margin: 0px 0px 1.5em; color: #656269; font-family: \'PT Sans\'; font-size: 15px;\"><strong style=\"box-sizing: inherit;\"><em style=\"box-sizing: inherit;\">Номинации 2017 года:</em></strong><br style=\"box-sizing: inherit;\" /><em style=\"box-sizing: inherit;\">&mdash; Eventiada IPRA Golden World Awards</em><br style=\"box-sizing: inherit;\" /><em style=\"box-sizing: inherit;\">&mdash; Корпоративные и общественные проекты</em><br style=\"box-sizing: inherit;\" /><em style=\"box-sizing: inherit;\">&mdash; Молодёжные проекты</em><br style=\"box-sizing: inherit;\" /><em style=\"box-sizing: inherit;\">&mdash; Проекты в области продвижения здорового образа жизни&nbsp;</em><br style=\"box-sizing: inherit;\" /><em style=\"box-sizing: inherit;\">&mdash; Номинации для учащихся школ и колледжей</em></p>\r\n<p style=\"box-sizing: inherit; margin: 0px 0px 1.5em; color: #656269; font-family: \'PT Sans\'; font-size: 15px;\">Организаторами Eventiada Awards выступают КГ &laquo;Орта&raquo;, Ассоциация менеджеров (АМР), философский факультет МГУ им. М. В. Ломоносова и&nbsp;<a class=\"mem_link\" style=\"box-sizing: inherit; background-color: transparent; color: #4cadc9; text-decoration-line: none;\" href=\"https://vk.com/rgsu_official\">Российский государственный социальный университет</a>.</p>\r\n<p style=\"box-sizing: inherit; margin: 0px 0px 1.5em; color: #656269; font-family: \'PT Sans\'; font-size: 15px;\">Генеральные партнеры конкурса:&nbsp;<a class=\"mem_link\" style=\"box-sizing: inherit; background-color: transparent; color: #4cadc9; text-decoration-line: none;\" href=\"https://vk.com/tele2\">TELE2</a>&nbsp;и &laquo;Берингер Ингельхайм&raquo;.<br style=\"box-sizing: inherit;\" />Генеральными российскими медиа партнерами выступают МИА &laquo;Россия сегодня&raquo; и&nbsp;<a style=\"box-sizing: inherit; background-color: transparent; color: #4cadc9; text-decoration-line: none;\" href=\"https://vk.com/away.php?to=http%3A%2F%2FSostav.ru&amp;post=-17143628_4758&amp;cc_key=\" target=\"_blank\" rel=\"noopener noreferrer\">Sostav.ru</a>.<br style=\"box-sizing: inherit;\" />Форум проходит при поддержке: АКМР, РАСО и АКОС.</p>\r\n<p style=\"box-sizing: inherit; margin: 0px 0px 1.5em; color: #656269; font-family: \'PT Sans\'; font-size: 15px;\">Отраслевые партнеры: FleishmanHillard Vanguard, event-агентство Elefante, Wibana и Event Management Technologies.</p>','news/October2017/18Sp2jlssY1.jpg','2017-10-13 07:58:32','2017-10-13 07:58:32',NULL,NULL),(78,'Всероссийский конкурс «Молодой предприниматель России — 2017»','2016-08-18','<p style=\"box-sizing: inherit; margin: 0px 0px 1.5em; color: #656269; font-family: \'PT Sans\'; font-size: 15px;\"><em style=\"box-sizing: inherit;\">В регионах идет прием заявок и подготовка к проведению региональных этапов.</em></p>\r\n<p style=\"box-sizing: inherit; margin: 0px 0px 1.5em; color: #656269; font-family: \'PT Sans\'; font-size: 15px;\"><em style=\"box-sizing: inherit;\">Если ты уверен в своих силах, то подавай заявку и прими участие!</em></p>\r\n<p style=\"box-sizing: inherit; margin: 0px 0px 1.5em; color: #656269; font-family: \'PT Sans\'; font-size: 15px;\"><em style=\"box-sizing: inherit;\">Подробная информация в группе или на сайте&nbsp;<a style=\"box-sizing: inherit; background-color: transparent; color: #4cadc9; text-decoration-line: none;\" href=\"https://vk.com/away.php?to=http%3A%2F%2F%F0%EE%F1%EF%F0%E5%E4%EF%F0%E8%ED%E8%EC%E0%F2%E5%EB%FC.%F0%F4&amp;post=-17143628_4763&amp;cc_key=\" target=\"_blank\" rel=\"noopener noreferrer\">http://роспредприниматель.рф</a></em></p>','news/October2017/c9dlqu4evwi_0-1-870x500.jpg','2017-10-13 07:59:02','2017-10-13 07:59:02',NULL,NULL),(79,'«Антибеспилотника» разработал концерн Калашникова, но ниша открыта и для частных разработчиков','2016-08-22','<p style=\"box-sizing: inherit; margin: 0px 0px 1.5em; color: #656269; font-family: \'PT Sans\'; font-size: 15px;\">Концерн &laquo;Калашников&raquo; разработал радиоэлектронное нелетальное оружие REX 1, которое позволит сбивать беспилотники и глушить мобильные и wi-fi сигналы. Об этом сообщает ТАСС со ссылкой на заместителя гендиректора компании Zala Aero Group, которая входит в концерн, Константин Абашкин.</p>\r\n<p style=\"box-sizing: inherit; margin: 0px 0px 1.5em; color: #656269; font-family: \'PT Sans\'; font-size: 15px;\">&laquo;Командой было разработано изделие против беспилотных летательных аппаратов&raquo;, &mdash; сказал он.</p>\r\n<p style=\"box-sizing: inherit; margin: 0px 0px 1.5em; color: #656269; font-family: \'PT Sans\'; font-size: 15px;\">По словам Абашкина, разработка может использоваться как правоохранительными органами, так в гражданском секторе для охраны частной жизни. Он отметил, что устройство оборудовано модулем, который способен подавлять GSM-сигналы.</p>\r\n<p style=\"box-sizing: inherit; margin: 0px 0px 1.5em; color: #656269; font-family: \'PT Sans\'; font-size: 15px;\">&laquo;Оно может глушить GSM-сигналы, Wi-Fi 5.8 Ггц, 2.4 Ггц. Соответственно применять ее можно и против самодельных взрывных устройств&raquo;, &mdash; заявил Абашкин.</p>\r\n<p style=\"box-sizing: inherit; margin: 0px 0px 1.5em; color: #656269; font-family: \'PT Sans\'; font-size: 15px;\">Гендиректор компании Zala Aero Group привел в пример гипотетическую ситуацию, при которой полицейский или сотрудник Росгвардии нашел бесхозный рюкзак, активировал устройство и направил его на предмет и начал ждать прибытия саперов, в то время как поток мобильных сигналов глушится.</p>\r\n<p style=\"box-sizing: inherit; margin: 0px 0px 1.5em; color: #656269; font-family: \'PT Sans\'; font-size: 15px;\">Оружие оборудовано сменными блоками подавления GPS, ГЛОНАСС, коллиматорным прицелом, тактической рукоятью и навесным оборудованием: лазером видимого света, стробоскопом, видео- и аудиорегистратором.</p>\r\n<p style=\"box-sizing: inherit; margin: 0px 0px 1.5em; color: #656269; font-family: \'PT Sans\'; font-size: 15px;\">&laquo;Перспективные Проекты&raquo; напоминают, что есть запрос на разработку технологии/устройств для защиты от беспилотников/дронов периметра объекта в автоматическом режиме. Мы готовы организовать разработчикам подобных систем инвестирование и заказы на поставку. Думайте, изобретайте, зарабатывайте. Это перспектива для компании с миллионными заказами! Пишите на info@ropp.ru</p>','news/October2017/il5_-2OIopY-600x500.jpg','2017-10-13 07:59:29','2017-10-13 07:59:29',NULL,NULL),(80,'«Моя страна — моя Россия» и ПЕРСПЕКТИВНЫЕ ПРОЕКТЫ — старт совместной работы!','2016-08-23','<p style=\"box-sizing: inherit; margin: 0px 0px 1.5em; color: #656269; font-family: \'PT Sans\'; font-size: 15px;\"><em style=\"box-sizing: inherit;\">Ряды наших партнеров пополняются!!!</em><br style=\"box-sizing: inherit;\" /><em style=\"box-sizing: inherit;\"><a class=\"mem_link\" style=\"box-sizing: inherit; background-color: transparent; color: #4cadc9; text-decoration-line: none;\" href=\"https://vk.com/m_s_m_r\">Всероссийский конкурс &laquo;Моя страна &mdash; моя Россия&raquo;</a>&nbsp;с сегодняшнего дня наш официальный партнер, соратник, единомышленник и близкий друг!</em></p>\r\n<p style=\"box-sizing: inherit; margin: 0px 0px 1.5em; color: #656269; font-family: \'PT Sans\'; font-size: 15px;\"><em style=\"box-sizing: inherit;\">В 2017 году всероссийскому образовательному проекту&nbsp;<strong style=\"box-sizing: inherit;\">&laquo;Моя страна &mdash; моя Россия&raquo;</strong>&nbsp;исполнилось 14 лет. Это яркий пример, когда инициатива, рожденная в гражданском обществе, получила широкое тиражирование в регионах Российской Федерации среди молодежи, нашла поддержку органов государственной власти, местного самоуправления и экспертного сообщества.</em></p>\r\n<p style=\"box-sizing: inherit; margin: 0px 0px 1.5em; color: #656269; font-family: \'PT Sans\'; font-size: 15px;\"><em style=\"box-sizing: inherit;\">В этом году мероприятие прошло сразу на двух крупных площадках &mdash; в городе Владимире (<a class=\"mem_link\" style=\"box-sizing: inherit; background-color: transparent; color: #4cadc9; text-decoration-line: none;\" href=\"https://vk.com/vlgosuniver\">Владимирский государственный университет им. А.Г. и Н.Г.Столетовых</a>) и городе Москве (<a class=\"mem_link\" style=\"box-sizing: inherit; background-color: transparent; color: #4cadc9; text-decoration-line: none;\" href=\"https://vk.com/minobrnauki\">Министерство образования и науки РФ</a>. Финалистами очного этапа конкурса стали 271 автор с проектами, направленными на социально-экономическое развитие территорий.</em></p>\r\n<p style=\"box-sizing: inherit; margin: 0px 0px 1.5em; color: #656269; font-family: \'PT Sans\'; font-size: 15px;\"><em style=\"box-sizing: inherit;\">Более подробную информацию об истории конкурса, отзывы экспертов и многое другие можете узнать на официальном сайте проекта&nbsp;<a style=\"box-sizing: inherit; background-color: transparent; color: #4cadc9; text-decoration-line: none;\" href=\"https://vk.com/away.php?to=http%3A%2F%2Fwww.moyastrana.ru&amp;post=-1619311_1391&amp;cc_key=\" target=\"_blank\" rel=\"noopener\">http://www.moyastrana.ru</a></em></p>','news/October2017/11.jpg','2017-10-13 07:59:57','2017-10-13 07:59:57',NULL,NULL),(81,'Проект «Физика для самых маленьких»','2016-08-23','<p style=\"box-sizing: inherit; margin: 0px 0px 1.5em; color: #656269; font-family: \'PT Sans\'; font-size: 15px;\">Ни один день из жизни ребенка просто невозможно представить без столь сложного, но в то же время увлекающего за собой и словно волшебного слова &laquo;Почему?&raquo;. Но порой случается так, что взрослые не могут найти ответы на вопросы &laquo;Почему идет снег?&raquo; или &laquo;Почему радуга разноцветная?&raquo;, и это далеко не положительная тенденция.&nbsp;Жизнь маленьких &laquo;почемучек&raquo; не будет полноценной и интересной, если они не будут обладать элементарными познаниями окружающего их мира. Но как же помочь ребенку в освоении законов и явлений природы? Как найти понятные и грамотные ответы на его вопросы?&nbsp;<strong style=\"box-sizing: inherit;\">Самый простой способ &ndash; метод проб и ошибок &ndash; эксперимент.&nbsp;</strong></p>\r\n<p style=\"box-sizing: inherit; margin: 0px 0px 1.5em; color: #656269; font-family: \'PT Sans\'; font-size: 15px;\">Именно метод эксперимента и стал главной составляющей проекта &laquo;Занимательные уроки по физике для школьников и малышей&raquo;, обеспечивающего расширение кругозора по изучению природных явлений окружающего мир. Создателями данной образовательной программы стала дружная команда студентов электроэнергетического факультета&nbsp;<a class=\"mem_link\" style=\"box-sizing: inherit; background-color: transparent; color: #4cadc9; text-decoration-line: none;\" href=\"https://vk.com/vogu35\">ВоГУ</a>&nbsp;среди которых&nbsp;<a class=\"mem_link\" style=\"box-sizing: inherit; background-color: transparent; color: #4cadc9; text-decoration-line: none;\" href=\"https://vk.com/id101715122\">Анна Викторова</a>,&nbsp;<a class=\"mem_link\" style=\"box-sizing: inherit; background-color: transparent; color: #4cadc9; text-decoration-line: none;\" href=\"https://vk.com/olehka_sokolova\">Ольга Соколова</a>,&nbsp;<a class=\"mem_link\" style=\"box-sizing: inherit; background-color: transparent; color: #4cadc9; text-decoration-line: none;\" href=\"https://vk.com/id155936078\">Анна Дредитова</a>&nbsp;,&nbsp;<a class=\"mem_link\" style=\"box-sizing: inherit; background-color: transparent; color: #4cadc9; text-decoration-line: none;\" href=\"https://vk.com/glrlcocks\">Иван Бахтуров</a>&nbsp;и&nbsp;<a class=\"mem_link\" style=\"box-sizing: inherit; background-color: transparent; color: #4cadc9; text-decoration-line: none;\" href=\"https://vk.com/id64276507\">Сергей Беликов</a>&nbsp;. Именно с ним нам удалось пообщаться и еще раз убедиться в том, что во всех делах наставник &mdash; практика.</p>\r\n<p style=\"box-sizing: inherit; margin: 0px 0px 1.5em; color: #656269; font-family: \'PT Sans\'; font-size: 15px;\"><em style=\"box-sizing: inherit;\"><strong style=\"box-sizing: inherit;\">Как окружающие, ваши близкие и знакомые восприняли вашу идею?</strong></em><br style=\"box-sizing: inherit;\" />Как говорится &mdash; сколько людей, столько и мнений! Поначалу некоторые знакомые и друзья скептически отнеслись к проекту. Не совсем понимая его суть, они были настроены настороженно. Но большинство окружающих с большим вниманием и одобрением оценили нашу идею. Особенно те, кто столкнулся вживую с необходимостью и одновременно &mdash; с трудностью правильного объяснения детям, как и почему происходят физические явления в природе. Это воспитатели детских садов, учителя начальных классов и родители.</p>\r\n<p style=\"box-sizing: inherit; margin: 0px 0px 1.5em; color: #656269; font-family: \'PT Sans\'; font-size: 15px;\"><em style=\"box-sizing: inherit;\"><strong style=\"box-sizing: inherit;\">По какому принципу отбирались участники вашей научной команды?&nbsp;</strong></em><br style=\"box-sizing: inherit;\" />Как такового отбора не было. Приглашались все желающие, кто заинтересовался проектом. Каждый из нас нашел свое место: кто-то создает яркую графику и анимацию, кто-то пишет увлекательные тексты, а кто-то в образе волшебных персонажей (&laquo;Батюшка-время&raquo; и &laquo;Матушка-природа&raquo;) рассказывает детям о физических явлениях. Мы делаем не только то, что у нас хорошо получается, но и то, что непременно поднимает нам настроение. А разве не в этом и есть секрет счастья &ndash; получать удовольствие от того, чем занимаешься?<br style=\"box-sizing: inherit;\" />Какими были первые шаги вашего эксперимента?<br style=\"box-sizing: inherit;\" />Написать проект на бумаге &mdash; это одно дело, а реализовать &ndash; совершенно другое! Только на практике становится понятно, по верному ли направлению движется твоя задумка. Что касается нашего проекта, то можно смело сказать &mdash; первые занятия в детском саду прошли с успехом! Увлекательные опыты очень понравились детям, были довольны родители, а воспитатели из других групп приглашали провести занятия с их воспитанниками.</p>\r\n<p style=\"box-sizing: inherit; margin: 0px 0px 1.5em; color: #656269; font-family: \'PT Sans\'; font-size: 15px;\"><em style=\"box-sizing: inherit;\"><strong style=\"box-sizing: inherit;\">Какой из этапов работы над проектом Вам показался самым сложным, какой интересным?&nbsp;</strong></em><br style=\"box-sizing: inherit;\" />На одном из занятий ко мне подошел мальчик, один из участников нашего эксперимента, и спросил: &laquo;А почему у снежинки 6 лучиков?&raquo; В голове сразу промелькнула мысль рассказать юному ученому о строении молекулы воды в твердом состоянии, но побоявшись быть непонятым, я дал доступный экспериментальный ответ. Именно такие моменты можно назвать самыми сложными и одновременно самыми интересными. Ведь с одной стороны, возникают волнение и ответственность, а с другой &mdash; безудержный интерес к происходящему и желание не только дать ребенку определенные знания, но и привить любовь и уважение к природе.</p>\r\n<p style=\"box-sizing: inherit; margin: 0px 0px 1.5em; color: #656269; font-family: \'PT Sans\'; font-size: 15px;\"><em style=\"box-sizing: inherit;\"><strong style=\"box-sizing: inherit;\">Что полезного, по Вашему мнению, получили маленькие участники эксперимента кроме знаний?&nbsp;</strong></em><br style=\"box-sizing: inherit;\" />В нашем проекте главная роль отводиться эксперименту, а как известно &ndash; без примеров невозможно успешно учиться и &laquo;лучше один раз увидеть, чем сто раз услышать&raquo;! Командная работа во время занятий помогает сплотить детский коллектив, воспитать в нем чувство взаимопомощи и поддержки. Дети учатся выражать свое мнение и прислушиваться к чужому. Они стараются быть внимательными, трудолюбивыми и терпеливыми, размышляют, предлагают идеи по поводу увиденного &ndash; а ведь все эти качества непременно пригодятся им в будущем. Наблюдая за детьми, мы видим также, что они начинают проявлять интерес к научной деятельности. И пусть это еще очень ранняя стадия, но ведь начало положено. К тому же умение наблюдать и ставить эксперимент позволит расширить образовательный потенциал семьи. Родители уделят больше внимания воспитательной и образовательной деятельности ребенка, что будет способствовать и благоприятному климату в семье.</p>\r\n<p style=\"box-sizing: inherit; margin: 0px 0px 1.5em; color: #656269; font-family: \'PT Sans\'; font-size: 15px;\"><em style=\"box-sizing: inherit;\"><strong style=\"box-sizing: inherit;\">Какая для вас самая значимая награда среди всех полученных и почему?&nbsp;</strong></em><br style=\"box-sizing: inherit;\" />Наш проект часто участвует в различных выставках, конкурсах, имеются публикации в научных сборниках. Но самой значимой наградой на данный момент является победа во всероссийском конкурсе&nbsp;<a class=\"mem_link\" style=\"box-sizing: inherit; background-color: transparent; color: #4cadc9; text-decoration-line: none;\" href=\"https://vk.com/m_s_m_r\">&laquo;Моя страна &mdash; моя Россия&raquo;</a>, который проходил в Москве в прошлом году. Это достижение имеет для нас особое значение. Победа добавила уверенности в деле, которым мы занимаемся, усилила вектор цели и стала особым стимулом для дальнейшего развития.</p>\r\n<p style=\"box-sizing: inherit; margin: 0px 0px 1.5em; color: #656269; font-family: \'PT Sans\'; font-size: 15px;\"><em style=\"box-sizing: inherit;\"><strong style=\"box-sizing: inherit;\">Как бы Вы оценили себя как начинающего ученого?&nbsp;</strong></em><br style=\"box-sizing: inherit;\" />Ученый &ndash; звучит пока громко! Очень трудно определить направление, в котором двигаться дальше. Кажется, любой человек не состоялся бы без поддержки друзей и родных. В моем случае &mdash; это команда проекта и наш научный руководитель &mdash;&nbsp;<a class=\"mem_link\" style=\"box-sizing: inherit; background-color: transparent; color: #4cadc9; text-decoration-line: none;\" href=\"https://vk.com/id157203894\">Ольга Юрьевна Штрекерт</a>. Разве без их участия состоялся бы проект в том виде, в каком он есть сейчас? Думаю, что нет! Поэтому выражаю особую благодарность всем людям, которые принимали и принимают участие в создании и развитии нашего замысла.<br style=\"box-sizing: inherit;\" />Команда проекта &laquo;Занимательные уроки по физике для школьников и малышей&raquo; согласилась с высказыванием известного французского писателя Жозефа Жубера &laquo;обучать &ndash; значит вдвойне учиться&raquo;, и поделились своими мыслями на этот счет. Работая с детьми, создатели проекта работали и над собой, сами получали новые знания, развивая в себе те или иные качества и навыки. А самое интересное то, что каждый участник команды сам не раз задавался вопросом : &laquo;А почему..?&raquo; Что ж, остается пожелать молодым ученым дальнейшего развития и желания учиться и учить дальше, и пусть открывающиеся в мире науки горизонты оправдают все их ожидания!</p>\r\n<p style=\"box-sizing: inherit; margin: 0px 0px 1.5em; color: #656269; font-family: \'PT Sans\'; font-size: 15px;\">Автор статьи &mdash;&nbsp;<a class=\"mem_link\" style=\"box-sizing: inherit; background-color: transparent; color: #4cadc9; text-decoration-line: none;\" href=\"https://vk.com/ishmetovaarr\">Арина Ишметова</a><br style=\"box-sizing: inherit;\" />Фото &mdash;&nbsp;<a class=\"mem_link\" style=\"box-sizing: inherit; background-color: transparent; color: #4cadc9; text-decoration-line: none;\" href=\"https://vk.com/lacosta_nostra\">Павел Иванов</a><br style=\"box-sizing: inherit;\" />Общероссийский молодежный журнал&nbsp;<a class=\"mem_link\" style=\"box-sizing: inherit; background-color: transparent; color: #4cadc9; text-decoration-line: none;\" href=\"https://vk.com/nashamol\">Наша Молодёжь</a>, №13(151), 1-15 июля 2017 года</p>','news/October2017/333-870x500.jpg','2017-10-13 08:01:30','2017-10-13 08:01:30',NULL,NULL),(83,'РЕГИСТРАЦИЯ НА ФОРУМ YouLead-2017 ОТКРЫТА!','2016-08-25','<p style=\"box-sizing: inherit; margin: 0px 0px 1.5em; color: #656269; font-family: \'PT Sans\'; font-size: 15px;\"><em style=\"box-sizing: inherit;\"><strong style=\"box-sizing: inherit;\">Как расширить границы возможного?</strong></em></p>\r\n<p style=\"box-sizing: inherit; margin: 0px 0px 1.5em; color: #656269; font-family: \'PT Sans\'; font-size: 15px;\"><em style=\"box-sizing: inherit;\"><strong style=\"box-sizing: inherit;\">Как сделать больше, чем ты сам от себя ожидаешь?</strong></em></p>\r\n<p style=\"box-sizing: inherit; margin: 0px 0px 1.5em; color: #656269; font-family: \'PT Sans\'; font-size: 15px;\"><em style=\"box-sizing: inherit;\"><strong style=\"box-sizing: inherit;\">Как начать действовать?&nbsp;</strong></em></p>\r\n<p style=\"box-sizing: inherit; margin: 0px 0px 1.5em; color: #656269; font-family: \'PT Sans\'; font-size: 15px;\"><span style=\"box-sizing: inherit;\">VIII Всероссийский форум молодых лидеров YouLead 2017 соберет более 1000 молодых и инициативных людей, вместе с которыми ты сможешь найти исчерпывающие ответы на актуальные вопросы для себя и таких, как ты &ndash; лидеров, готовых сражаться за свои идеи.&nbsp;</span></p>\r\n<p style=\"box-sizing: inherit; margin: 0px 0px 1.5em; color: #656269; font-family: \'PT Sans\'; font-size: 15px;\"><span style=\"box-sizing: inherit;\">Форум приглашает к участию учеников старших классов, студентов, недавних выпускников вузов и молодых предпринимателей! &nbsp;Каждая секция участников будет работать по индивидуальной программе, включающей сессии со спикерами, общественными и бизнес-деятелями, мастер-классы и кейсы.</span></p>\r\n<p style=\"box-sizing: inherit; margin: 0px 0px 1.5em; color: #656269; font-family: \'PT Sans\'; font-size: 15px;\"><span style=\"box-sizing: inherit;\">Для авторов социальных бизнес проектов &mdash; секция &laquo;Бизнес со смыслом&raquo;. Здесь ты получишь обратную связь от экспертов, найдешь единомышленников и выработаешь оригинальную модель развития своего проекта.</span></p>\r\n<p style=\"box-sizing: inherit; margin: 0px 0px 1.5em; color: #656269; font-family: \'PT Sans\'; font-size: 15px;\"><span style=\"box-sizing: inherit;\">Для студентов и недавних выпускников вузов &mdash; секция &laquo;Мое направление&raquo;. Тебя ждет серия мастер-классов по навыкам будущего, которые необходимы каждому независимо от сферы деятельности, и интерактивная ярмарка вакансий &laquo;Спектр возможностей&raquo;, организованная совместно с партнерами форума.</span></p>\r\n<p style=\"box-sizing: inherit; margin: 0px 0px 1.5em; color: #656269; font-family: \'PT Sans\'; font-size: 15px;\"><span style=\"box-sizing: inherit;\">Регистрация на главное молодежное событие этой осени:&nbsp;</span><a style=\"box-sizing: inherit; background-color: transparent; color: #4cadc9; text-decoration-line: none;\" href=\"http://goo.gl/txK3My\"><span style=\"box-sizing: inherit;\">goo.gl/txK3My</span><span style=\"box-sizing: inherit;\"><br style=\"box-sizing: inherit;\" /></span></a><span style=\"box-sizing: inherit;\">Форум YouLead 2017 будет проходить 16-18 ноября! Участие бесплатное!</span></p>\r\n<p style=\"box-sizing: inherit; margin: 0px 0px 1.5em; color: #656269; font-family: \'PT Sans\'; font-size: 15px;\"><span style=\"box-sizing: inherit;\">Подробнее о форуме в группе:&nbsp;</span><a style=\"box-sizing: inherit; background-color: transparent; color: #4cadc9; text-decoration-line: none;\" href=\"https://vk.com/youleadmsk\">https://vk.com/youleadmsk</a></p>','news/October2017/sgsgseg.png','2017-10-13 08:03:00','2017-10-13 08:04:09',NULL,NULL),(84,'Грядет восстание машин?','2016-08-29','<p><span style=\"color: #656269; font-family: \'PT Sans\'; font-size: 15px;\">Наши друзья и партнеры &mdash; крупнейший в России производитель роботов компания Promobot (47% произведенных в России автономных роботов в 2016 году), основатели &mdash; Алексей Южаков и Олег Кивокурцев, совместно с крупнейшими венчурными евангелистами (например Илоном Маском) подписали письмо к ООН, которое касается запрета на разработку и использование автономного оружия с искусственным интеллектом. По мнению ребят, боевые роботы &mdash; это второе ядерное оружие, которое, если попадет в руки террористов, будет направлено против мирных людей.</span></p>','news/October2017/kAk-zHUiNsc-1-870x500.jpg','2017-10-13 08:04:55','2017-10-13 08:04:55',NULL,NULL),(85,'Герман Клименко анонсировал создание фонда по развитию медицинских проектов','2016-08-30','<p style=\"box-sizing: inherit; margin: 0px 0px 1.5em; color: #656269; font-family: \'PT Sans\'; font-size: 15px;\">Об этом он рассказал во вторник в ходе отраслевой встречи, посвященной обсуждению алгоритма вывода проектов на ICO (&laquo;DeCenter Meetup: Презентация ICO Book &mdash; Кому и как проводить ICO&raquo;).</p>\r\n<p style=\"box-sizing: inherit; margin: 0px 0px 1.5em; color: #656269; font-family: \'PT Sans\'; font-size: 15px;\">&laquo;Важной темой для интернет-отрасли на протяжении прошлого года и текущего стала цифровая медицина. После принятия законопроекта о телемедицине мы решили создать отдельный Фонд, который займется развитием медицинских проектов&raquo;, &mdash; отметил Клименко. В будущем фонд может провести собственное ICO, уточнил он.</p>\r\n<p style=\"box-sizing: inherit; margin: 0px 0px 1.5em; color: #656269; font-family: \'PT Sans\'; font-size: 15px;\">Напомним, Герман Сергеевич Клименко является&nbsp; советником президента Владимира Путина по вопросам интернета и успешным IT-предпринимателем. Ему принадлежат несколько крупных интернет-ресурсов, в том числе сервис интернет-статистики и блогов Liveinternet.ru, а также новостной агрегатор Mediametrics.</p>','news/October2017/скачанные-файлы-1.jpg','2017-10-13 08:05:22','2017-10-13 08:05:22',NULL,NULL),(86,'Перспектива-2018! Олег Погожев анонсировал новый инновационный форум','2016-09-04','<p style=\"box-sizing: inherit; margin: 0px 0px 1.5em; color: #656269; font-family: \'PT Sans\'; font-size: 15px;\">На закрытии фестиваля информационных технологий&nbsp;<strong style=\"box-sizing: inherit;\">ВолФит-2017</strong>, СЕО &laquo;Перспективных Проектов&raquo;&nbsp;<a style=\"box-sizing: inherit; background-color: transparent; color: #4cadc9; text-decoration-line: none;\" href=\"https://vk.com/percent1100100\">Олег Погожев</a>анонсировал начало подготовки к новому масштабному мероприятию &mdash; инновационному форуму &laquo;<strong style=\"box-sizing: inherit;\">Перспектива-2018</strong>&raquo; в городе Санкт-Петербург. В новом событии команда&nbsp;<a style=\"box-sizing: inherit; background-color: transparent; color: #4cadc9; text-decoration-line: none;\" href=\"http://ropp.ru/\">ropp.ru</a>&nbsp;учтет весь накопленный опыт, как говорит Олег &mdash; по формату форум будет ближе к Инновологде. &laquo;<strong style=\"box-sizing: inherit;\">Перспектива-2018</strong>&raquo; постарается создать атмосферу, как сказал на Волфите&nbsp;<a class=\"mem_link\" style=\"box-sizing: inherit; background-color: transparent; color: #4cadc9; text-decoration-line: none;\" href=\"https://vk.com/anreikrylov\">Андрей Крылов</a>&nbsp;про &laquo;силиконовую долину&raquo;: где &laquo;<em style=\"box-sizing: inherit;\"><strong style=\"box-sizing: inherit;\">каждая идея может мгновенно превратиться в старта</strong></em>п&raquo;!</p>\r\n<p style=\"box-sizing: inherit; margin: 0px 0px 1.5em; color: #656269; font-family: \'PT Sans\'; font-size: 15px;\"><img class=\"emoji_css\" style=\"box-sizing: inherit; border: 0px; vertical-align: middle; max-width: 100%; height: auto;\" src=\"https://vk.com/images/blank.gif\" alt=\"\" />&nbsp;<a class=\"mem_link\" style=\"box-sizing: inherit; background-color: transparent; color: #4cadc9; text-decoration-line: none;\" href=\"https://vk.com/ropprus\">Перспективные Проекты</a></p>','news/October2017/fawfaf1.jpg','2017-10-13 08:07:13','2017-10-13 08:07:13',NULL,NULL),(87,'Банк России обозначил свою позицию по криптовалютам в официальном релизе','2016-09-04','<p><span style=\"color: #656269; font-family: \'PT Sans\'; font-size: 15px;\">Об использовании частных &laquo;виртуальных валют&raquo; (криптовалют)</span></p>\r\n<p style=\"box-sizing: inherit; margin: 0px 0px 1.5em; color: #656269; font-family: \'PT Sans\'; font-size: 15px;\">&nbsp;</p>\r\n<p style=\"box-sizing: inherit; margin: 0px 0px 1.5em; color: #656269; font-family: \'PT Sans\'; font-size: 15px;\">Банк России подтверждает позицию, высказанную в январе 2014 года, в отношении разного рода частных &laquo;виртуальных валют&raquo; (криптовалют).</p>\r\n<p style=\"box-sizing: inherit; margin: 0px 0px 1.5em; color: #656269; font-family: \'PT Sans\'; font-size: 15px;\">Банк России отмечает, что в последнее время резко возросло количество запросов участников финансового рынка и СМИ по поводу криптовалют, получивших широкое распространение в мире.</p>\r\n<p style=\"box-sizing: inherit; margin: 0px 0px 1.5em; color: #656269; font-family: \'PT Sans\'; font-size: 15px;\">Совместно с заинтересованными федеральными органами государственной власти Банк России осуществляет мониторинг рынка криптовалют и вырабатывает подходы к определению и регулированию криптовалют в Российской Федерации.</p>\r\n<p style=\"box-sizing: inherit; margin: 0px 0px 1.5em; color: #656269; font-family: \'PT Sans\'; font-size: 15px;\">Большинство операций с криптовалютами совершается вне правового регулирования как Российской Федерации, так и большинства других государств. Криптовалюты не гарантируются и не обеспечиваются Банком России.</p>\r\n<p style=\"box-sizing: inherit; margin: 0px 0px 1.5em; color: #656269; font-family: \'PT Sans\'; font-size: 15px;\">Криптовалюты выпускаются неограниченным кругом анонимных субъектов. В силу анонимного характера деятельности по выпуску криптовалют граждане и юридические лица могут быть вовлечены в противоправную деятельность, включая легализацию (отмывание) доходов, полученных преступным путем, и финансирование терроризма.</p>\r\n<p style=\"box-sizing: inherit; margin: 0px 0px 1.5em; color: #656269; font-family: \'PT Sans\'; font-size: 15px;\">Операции с криптовалютами несут в себе высокие риски как при проведении обменных операций, в том числе из-за резких колебаний обменного курса, так и в случае привлечения финансирования через ICO (Initial Coin Offering &mdash; форма привлечения инвестиций граждан в виде выпуска и продажи инвесторам новых криптовалют/токенов). Существуют также технологические риски при выпуске и обращении криптовалют и риски фиксации прав на &laquo;виртуальные валюты&raquo;. Это может привести к финансовым потерям граждан и к невозможности защиты прав потребителей на финансовые услуги в случае их нарушения.</p>\r\n<p style=\"box-sizing: inherit; margin: 0px 0px 1.5em; color: #656269; font-family: \'PT Sans\'; font-size: 15px;\">Учитывая высокие риски обращения и использования криптовалют, Банк России считает преждевременным допуск криптовалют, а также любых финансовых инструментов, номинированных или связанных с криптовалютами, к обращению и использованию на организованных торгах и в расчетно-клиринговой инфраструктуре на территории Российской Федерации для обслуживания сделок с криптовалютами и производными финансовыми инструментами на них.</p>\r\n<p style=\"box-sizing: inherit; margin: 0px 0px 1.5em; color: #656269; font-family: \'PT Sans\'; font-size: 15px;\">В связи с этим Банк России обращает внимание граждан и всех участников финансового рынка на повышенные риски при использовании и инвестировании в криптовалюты.</p>\r\n<p style=\"box-sizing: inherit; margin: 0px 0px 1.5em; color: #656269; font-family: \'PT Sans\'; font-size: 15px;\">4 сентября 2017 года</p>\r\n<p style=\"box-sizing: inherit; margin: 0px 0px 1.5em; color: #656269; font-family: \'PT Sans\'; font-size: 15px;\">Пресс-служба Банка России</p>','news/October2017/скачанные-файлы-2-870x500.jpg','2017-10-13 08:07:44','2017-10-13 08:07:44',NULL,NULL),(88,'14 СЕНТЯБРЯ — ИНФОРМАЦИОННО-ПРАВОВОЙ ДЕНЬ В ВТПП','2016-09-06','<p style=\"box-sizing: inherit; margin: 0px 0px 1.5em; color: #656269; font-family: \'PT Sans\'; font-size: 15px;\">В 2017-м начинают действовать несколько принципиально важных новшеств в законодательстве, касающемся недвижимости. Также в этом году мы в полной мере почувствуем, как работают законы, вступившие в силу уже в 2016-м. Об этом и многом другом в теме:<br style=\"box-sizing: inherit;\" />&laquo;Правовое регулирование деятельности агентств недвижимости&raquo;.</p>\r\n<p style=\"box-sizing: inherit; margin: 0px 0px 1.5em; color: #656269; font-family: \'PT Sans\'; font-size: 15px;\">Ведущие эксперты Роскомнадзора по Вологодской области.<br style=\"box-sizing: inherit;\" />Ведущие специалисты Росреестра и ФНС ВО.</p>\r\n<p style=\"box-sizing: inherit; margin: 0px 0px 1.5em; color: #656269; font-family: \'PT Sans\'; font-size: 15px;\">Вопросы :<br style=\"box-sizing: inherit;\" />1. Обработка персональных агентствами недвижимости.<br style=\"box-sizing: inherit;\" />2. Актуальные вопросы в сфере государственной регистрации прав.<br style=\"box-sizing: inherit;\" />3. Налогообложение сделок с недвижимостью .</p>\r\n<p style=\"box-sizing: inherit; margin: 0px 0px 1.5em; color: #656269; font-family: \'PT Sans\'; font-size: 15px;\">Регистрация на семинар: г. Вологда, ул. Лермонтова,15<br style=\"box-sizing: inherit;\" />Контактное лицо: Малахова Надежда Викторовна<br style=\"box-sizing: inherit;\" />тел. 8(8172)72-14-80<br style=\"box-sizing: inherit;\" />e-mail:&nbsp;<a style=\"box-sizing: inherit; background-color: transparent; color: #4cadc9; text-decoration-line: none;\" href=\"https://vk.com/write?email=Malahova.vtpp@gmail.com\" target=\"_blank\" rel=\"noopener\">Malahova.vtpp@gmail.com</a></p>','news/October2017/vtpp_logo-798x500.jpg','2017-10-13 08:08:21','2017-10-13 08:08:21',NULL,NULL),(89,'Международный форум по предпринимательской активации ума «Преактум»','2016-09-06','<p style=\"box-sizing: inherit; margin: 0px 0px 1.5em; color: #656269; font-family: \'PT Sans\'; font-size: 15px;\">Хочешь узнать больше о мире предпринимательства, получить инсайты бизнеса и практические навыки для начала собственного проекта прямо сейчас?</p>\r\n<p style=\"box-sizing: inherit; margin: 0px 0px 1.5em; color: #656269; font-family: \'PT Sans\'; font-size: 15px;\">Приходи 22 сентября в Технополис Москва на Международный форум по предпринимательской активации ума &laquo;Преактум&raquo;.</p>\r\n<p style=\"box-sizing: inherit; margin: 0px 0px 1.5em; color: #656269; font-family: \'PT Sans\'; font-size: 15px;\">Подай заявку на участие в форуме! Регистрация на сайте http://forum.preactum.ru</p>\r\n<p style=\"box-sizing: inherit; margin: 0px 0px 1.5em; color: #656269; font-family: \'PT Sans\'; font-size: 15px;\">В программе мероприятия:</p>\r\n<p style=\"box-sizing: inherit; margin: 0px 0px 1.5em; color: #656269; font-family: \'PT Sans\'; font-size: 15px;\">&mdash; интерактивные тренинги</p>\r\n<p style=\"box-sizing: inherit; margin: 0px 0px 1.5em; color: #656269; font-family: \'PT Sans\'; font-size: 15px;\">&mdash; личное общение с топ-менеджерами крупных компаний</p>\r\n<p style=\"box-sizing: inherit; margin: 0px 0px 1.5em; color: #656269; font-family: \'PT Sans\'; font-size: 15px;\">&mdash; выступления известных блоггеров</p>\r\n<p style=\"box-sizing: inherit; margin: 0px 0px 1.5em; color: #656269; font-family: \'PT Sans\'; font-size: 15px;\">&mdash; инсайты от предпринимателей и лидеров мнений</p>\r\n<p style=\"box-sizing: inherit; margin: 0px 0px 1.5em; color: #656269; font-family: \'PT Sans\'; font-size: 15px;\">&mdash; инструкция для начала своего предпринимательского пути</p>\r\n<p style=\"box-sizing: inherit; margin: 0px 0px 1.5em; color: #656269; font-family: \'PT Sans\'; font-size: 15px;\">Форум пройдет 22 сентября с 10.00 до 23.00 по адресу г. Москва, Волгоградский пр., 42, Технополис Москва.</p>\r\n<p style=\"box-sizing: inherit; margin: 0px 0px 1.5em; color: #656269; font-family: \'PT Sans\'; font-size: 15px;\">В рамках форума пройдет запуск Преактум &mdash; программы по развитию проектной и предпринимательской деятельности среди молодежи, ориентированной на создание единой экосистемы предпринимательства, инициированной &laquo;Рыбаков Фондом&raquo;.</p>\r\n<p style=\"box-sizing: inherit; margin: 0px 0px 1.5em; color: #656269; font-family: \'PT Sans\'; font-size: 15px;\"><strong style=\"box-sizing: inherit;\">Успей зарегистрироваться прямо сейчас &mdash; http://forum.preactum.ru</strong></p>','news/October2017/kartinka_anonsa-870x500.jpg','2017-10-13 08:08:51','2017-10-13 08:08:51',NULL,NULL),(90,'12-13 октября в Вологде и в Череповце пройдет II Межрегиональный совет по кооперации','2016-09-15','<p class=\"z\"><a class=\"za\" href=\"https://vk.com/rcpp35\">II-ой Межрегиональный совет по кооперации с иностранным участием&nbsp;</a>пройдет 12-13 октября 2017 года в Вологде и в Череповце.<br style=\"box-sizing: inherit;\" /><a class=\"za\" href=\"https://vk.com/feed?section=search&amp;q=%23mspk35\">#mspk35</a></p>\r\n<p class=\"z\">В программе:<br style=\"box-sizing: inherit;\" />&mdash; знакомство с объектами инфраструктуры поддержки МСП. Презентация основных направлений деятельности;<br style=\"box-sizing: inherit;\" />&mdash; знакомство с предприятиями &ndash; участниками кооперационных проектов;<br style=\"box-sizing: inherit;\" />&mdash; Клуб экспортеров Вологодской области;<br style=\"box-sizing: inherit;\" />&mdash; Круглый стол &laquo;Слет инфраструктуры поддержки субъектов МСП&raquo;;<br style=\"box-sizing: inherit;\" />&mdash; Интерактивная программа для участников;<br style=\"box-sizing: inherit;\" />&mdash; Совет по кооперации при&nbsp;<a class=\"za\" href=\"https://vk.com/depecon35\">Департаменте экономического развития Вологодской области</a>;<br style=\"box-sizing: inherit;\" />&mdash; B2B площадка &laquo;горизонтальной&raquo; кооперации для МСП РФ;<br style=\"box-sizing: inherit;\" />&mdash; Экскурсия в Музей металлургической промышленности и мн.др.</p>\r\n<p class=\"z\">Более подробную информацию и зарегистрироваться в качестве участника вы можете на официальном сайте&nbsp;<a class=\"za\" href=\"https://vk.com/away.php?to=http%3A%2F%2Fcooperationexpert.ru&amp;post=-17143628_4865&amp;cc_key=\" target=\"_blank\" rel=\"noopener\">http://cooperationexpert.ru</a><br style=\"box-sizing: inherit;\" />+7(8172) 74-00-20, 74-00-24</p>','news/October2017/Screenshot_2.png','2017-10-13 08:11:30','2017-10-13 08:11:30',NULL,NULL),(91,'Нобелевскую премию по физике присудили гравитационные волны','2016-09-03','<p class=\"z\">В Стокгольме объявлены лауреаты Нобелевской премии по физике. Ими стали Райнер Вайс, Барри Бэриш и Кип Торн за исследования гравитационных волн</p>\r\n<p class=\"z\">Нобелевский комитет постановил, что половину премии получит Вайс, другая половина достанется Бэришу и Торну. Все ученые работают в научных центрах США.​ Они&nbsp;также награждены за свой вклад в развитие детектора лазерно-интерферометрической гравитационно-волновой обсерватории (LIGO), который в 2015 году обнаружил гравитационные волны. В этом проекте участвуют около тысячи ученых более чем из 20 стран.</p>\r\n<p class=\"z\">&laquo;Волны, предсказанные Альбертом Эйнштейном сто лет назад, произошли от столкновения двух черных дыр. Потребовалось 1,3 млрд лет, чтобы волны дошли до детектора LIGO в США&raquo;, &mdash; говорится в релизе Нобелевского комитета.</p>\r\n<p class=\"z\">Сумма Нобелевской премии в 2017 году составляет 9 млн шведских крон ($1,1 млн).</p>\r\n<p class=\"z\">В прошлом году лауреатами премии по физике стали американцы Дэвид Тулесс и Майкл Костерлитц, а также британец Дункан Хэлдейн. Ученые, изучавшие т.н. &laquo;странные&raquo; формы материи, были удостоены награды &laquo;за теоретические открытия топологических фазовых переходов и топологических фаз вещества&raquo;.</p>\r\n<p class=\"z\">1 октября компания Clarivate Analytics (бывшее подразделение Thomson Reuters по научным исследованиям и интеллектуальной собственности) называла возможных лауреатов Нобелевских премий по всем отраслям, в том числе и по физике. Возможными кандидатами на премию Clarivate называла Федона Авуриса, Пола Макюэна (оба &mdash; США) и Корнелиса Деккера (Нидерланды) &mdash; за исследование использования графена и углеродных нанотрубок в электронике. Другие ученые, которым прочили победу &mdash; Митчелл Фейгенбаум из США (за открытия в области нелинейных и хаотических систем) и российский астрофизик Рашид Сюняев &mdash; &laquo;за глубокий вклад в понимание вселенной, в том числе ее происхождения, процесса формирования галактик, аккреции дисков черных дыр и других космологических явлений&raquo;.</p>\r\n<p class=\"z\">Нобелевскую премию по физике вручают с 1901 года. Ее лауреатами становились около 200 человек (т.к. число ученых, которые получают награду, часто больше одного). Лишь дважды премию получала женщина &mdash; Марии Кюри в 1903 году (совместно с мужем Пьером Кюри и коллегой Анри Беккерелем) и Марии Гепперт-Майер (опять&nbsp;же, совместно с немцем Хансом Йенсеном и американцем Юджином Вигнером) в 1963 году. Больше всего лауреатов &mdash; ученые из США (83 человека). Российские и советские ученые становились лауреатами премии 13 раз.</p>\r\n<p class=\"z\">&laquo;Нобелевская неделя&raquo; началась вчера, 2 октября, когда был объявлен лауреат премии по медицине. Им стали американские ученые Джеффри Холл, Майкл Росбаш и Майкл Янг. Они получили награду за открытие молекулярных механизмов, контролирующих циркадные ритмы. Открытия ученых помогают установить, как растения, животные и люди адаптируют свою биоритмы, синхронизируя их с вращением Земли.</p>\r\n<p class=\"z\">В среду, 4 октября будет Нобелевский комитет объявит лауреата Нобелевской премии по химии, 5 октября &mdash; по литературе. 6 октября станет известен лауреат Нобелевской премии мира. Наконец, 9 октября Банк Швеции назовет лауреата премии в экономических науках памяти Альфреда Нобеля (неофициально она называется Нобелевской премией по экономике, хотя была учреждена не самим Альфредом Нобелем, а Банком Швеции, в 1969 году).</p>','news/October2017/755070261271310-870x500.jpg','2017-10-13 08:12:00','2017-10-13 08:12:58',NULL,NULL),(92,'Российский студент изобрел уличного уборщика парков','2016-10-03','<p class=\"z\">Студент МГХПА им. С. Г. Строганова Артем Зенченко, который спроектировал роботизированный комплекс &laquo;ParkoBot&raquo; для уборки площадей, парков и частных участков, стал победителем российского этапа&nbsp;<a class=\"za\" href=\"https://rb.ru/news/james-dyson-new/\" target=\"_blank\" rel=\"noopener\">технологического конкурса &laquo;James Dyson Award&raquo;</a>.</p>\r\n<p class=\"z\">За 12-часовой рабочий цикл один модуль может собрать 80 литров мусора. Роботы ориентируются с помощью ГЛОНАСС и могут преодолевать препятствия высотой 1,5 сантиметра. Для управления комплексом нужен один человек, который будет опустошать пакеты с мусором в ходе уборки.</p>\r\n<p class=\"z\">Также финалистами российского этапа стал концепт управляемого со смартфона робота для очистки прибрежных зон от мусора &laquo;Water Hope&raquo; от студентки МГТУ имени Баумана Ирины Косыгиной и концепт VR-комплекта для игровой диагностики детей с нарушениями зрения от студентки УрГАХУ Юлии Евсеевой.</p>','news/October2017/скачанные-файлы-870x500.jpg','2017-10-13 08:14:07','2017-10-13 08:14:07',NULL,NULL),(93,'РОССИЙСКИЙ СТУДЕНТ ИЗОБРЕЛ НОВОЕ СТЕКЛО','2016-10-03','<p class=\"z\">Недавно студент Семен Деркачев из Ставрополья изобрел и изготовил опытный образец смарт-стекла. От обычного оно отличается тем, что меняет прозрачность под действием электрического напряжения. При этом&nbsp;<a class=\"za\" href=\"http://www.glass-tula.ru/glass-items.html\">стекло</a>&nbsp;отличается экономичностью, потребляя всего около пяти ватт в час. Это означает, что его можно питать даже от обычных аккумуляторных батареек.</p>\r\n<p class=\"z\">Новое стекло может получить широкое применение, став альтернативой для жалюзи и штор &mdash; нужно лишь одно нажатие кнопки для того, чтобы в комнате стало темно. Также полезен будет материал и в автомобильной промышленности. Поклонникам тонировки придется по душе регулировать ее светопропускаемость. Сейчас ведутся исследования по созданию цветного смарт-стекла. В будущем благодаря этой технологии станут реальностью прозрачные экраны, изображение в которых будет проецироваться с помощью цветных жидких кристаллов. Возможности, которые открываются при этом, поражают воображение. Квадратный метр такого материала будет стоить около семи тысяч рублей, что вдвое дешевле заграничных аналогов. Сейчас ученые ищут источники инвестиций.</p>','news/October2017/скачанные-файлы-1 (1).jpg','2017-10-13 08:15:06','2017-10-13 08:15:06',NULL,NULL),(94,'СТУДЕНТ ИЗОБРЕЛ ЛЕТАЮЩИЙ РОБОТ‐ПЫЛЕСОС','2016-10-03','<p class=\"z\">Юноша скрестил робот‐пылесос и квадрокоптер.</p>\r\n<p class=\"z\">Талантливый молодой студент Кубанского государственного аграрного университета (КубГАУ) Станислав Хрипков разработал летающего робота-пылесоса, который способен выполнять уборку, без какого-либо участия человека, сообщил&nbsp;<a class=\"za\" href=\"http://tass.ru/nauka/2431778\" target=\"_blank\" rel=\"noopener\">ТАСС</a>. Юноша совместил уже существующую модель устройства для уборки и квадрокоптер, а также разработал для новинки специальное программное обеспечение.</p>\r\n<p class=\"z\">&laquo;Сейчас на рынке существуют только роботы-пылесосы, передвигающиеся по полу, которые не могут преодолевать сложные препятствия, вроде лестниц, а также убирать пыль и грязь на таких труднодоступных поверхностях, как верхняя часть шкафов, полки, столы и другие предметы мебели.</p>\r\n<p class=\"z\">Это все равно приходится делать человеку. Принципиальное же отличие нашего устройства в том, что оно может не только ездить, но и летать, а, значит, при покупке его потребитель может забыть про уборку, все работу будет делать машина&raquo;, &mdash; подчеркнул Хрипков.</p>\r\n<p class=\"z\">Габаритные размеры агрегата &mdash; 30х30 сантиметров. Устройство планируют оснастить процессором, датчиками движения и другой электроникой от сторонних производителей. Ориентировочная цена одного робота &mdash; 40-50 тысяч рублей.</p>\r\n<p class=\"z\">В настоящий момент автор оформляет патентные права и устраняет недостатки, среди которых есть шум от винтов дрона. Также Хрипков планирует оснастить прототип отпугивателем для животных для того, чтобы техника не травмировала животных.</p>\r\n<p class=\"z\">&laquo;Разработка Станислава перспективна и не имеет аналогов в мире. Крупные производители роботов-пылесосов сейчас озабочены уменьшением размеров и повышением &laquo;сообразительности&raquo; электронных устройств, а наш студент пошел дальше. Этот проект может выйти на всероссийский и мировой рынки, но для этого необходимо найти инвестора&raquo;, &mdash; отметил кандидат технологических наук, доцент кафедры тракторов, автомобилей и технической механики КубГАУ Алексей Титученко.</p>\r\n<p class=\"z\">Для запуска проекта в массовое производство необходимо не менее не менее 500 тысяч рублей. Сейчас автор презентует проект на различных площадках и подыскивает инвесторов из числа российских компаний.</p>','news/October2017/скачанные-файлы-1-1-870x500.jpg','2017-10-13 08:16:34','2017-10-13 08:16:34',NULL,NULL),(95,'СТУДЕНТ ИЗ МОСКВЫ РАЗРАБОТАЛ МОБИЛЬНОЕ ПРИЛОЖЕНИЕ ДЛЯ ГЛУХИХ','2016-10-09','<p class=\"z\">Программа распознает речь и переводит ее в текст.</p>\r\n<p class=\"z\">Московский студент Акмал Артиков &nbsp;создал мобильное приложение-коммуникатор &nbsp;&laquo;Разговор&raquo; для взаимодействия слабослышащих людей и тех, кто не знает языка жестов. Речь говорящего программа записывает и превращает в текст напечатанный, который читают глухие, сообщил телеканал &laquo;360 Подмосковье&raquo;.</p>\r\n<p class=\"z\">Под руководством профессионалов месяц назад программу запустили на смартфонах, пока только с операционной системой Android.</p>\r\n<p class=\"z\">&laquo;Пока что приложение понимает только одного собеседника, который говорит ясно и достаточно громко. И работает оно только при наличии интернет соединения. Но мы работаем над этим&raquo;,- &nbsp;добавил Артиков.</p>\r\n<p class=\"z\">По его словам, приложение было создано по заданию институтского преподавателя. После этого изобретения студентом заинтересовался &laquo;Яндекс&raquo; и молодой специалист получил в компании работу.</p>\r\n<p class=\"z\">Согласно данным Министерства здравоохранения здрава и Росстата, в России проживает больше 200 тысяч граждан, лишенных слуха. Так что мобильное приложение начинает пользоваться спросом, за месяц его скачали себе на телефоны почти 10 тысяч клиентов. Правда, от пользователей поступает немало пожеланий улучшить &laquo;Разговор&raquo;.</p>','news/October2017/скачанные-файлы-3.jpg','2017-10-13 08:17:00','2017-10-13 08:17:52',NULL,NULL),(96,'ICO — принц и (или) нищий?!','2016-10-10','<p><span style=\"color: #656269; font-family: \'PT Sans\'; font-size: 15px;\">Стремительный рост биткойна (и других криптовалют) заставил многих, как минимум, обратить на эту тему внимание.</span><br style=\"box-sizing: inherit; color: #656269; font-family: \'PT Sans\'; font-size: 15px;\" /><span style=\"color: #656269; font-family: \'PT Sans\'; font-size: 15px;\">Мнения относительно будущего крипты разделились: кто-то считает, что все это &ndash; новый аналог МММ, кто-то что &laquo;битки&raquo; могут достичь курса и в $100 тысяч, а кто-то считает что закат &laquo;всего этого&raquo; &mdash; уже не за горами&hellip;</span><br style=\"box-sizing: inherit; color: #656269; font-family: \'PT Sans\'; font-size: 15px;\" /><span style=\"color: #656269; font-family: \'PT Sans\'; font-size: 15px;\">Мы не будем строить прогнозы про возможные успехи криптовалют, но мы предлагаем посмотреть на все это с другой точки зрения:</span><br style=\"box-sizing: inherit; color: #656269; font-family: \'PT Sans\'; font-size: 15px;\" /><span style=\"color: #656269; font-family: \'PT Sans\'; font-size: 15px;\">Около 40% тех, кто купил криптовалюту не прочь ее теперь &laquo;куда-нибудь вложить&raquo;.</span><br style=\"box-sizing: inherit; color: #656269; font-family: \'PT Sans\'; font-size: 15px;\" /><span style=\"color: #656269; font-family: \'PT Sans\'; font-size: 15px;\">Многие относятся к таким &laquo;инвестициям&raquo; как к развлечению!</span><br style=\"box-sizing: inherit; color: #656269; font-family: \'PT Sans\'; font-size: 15px;\" /><span style=\"color: #656269; font-family: \'PT Sans\'; font-size: 15px;\">А что это значит для Вас?</span><br style=\"box-sizing: inherit; color: #656269; font-family: \'PT Sans\'; font-size: 15px;\" /><span style=\"color: #656269; font-family: \'PT Sans\'; font-size: 15px;\">Для Вас это значит &ndash; Возможность привлечения практически Бесплатных денег в Свои Проекты!</span><br style=\"box-sizing: inherit; color: #656269; font-family: \'PT Sans\'; font-size: 15px;\" /><span style=\"color: #656269; font-family: \'PT Sans\'; font-size: 15px;\">Да, да &ndash; речь идет про привлечение финансирования в криптовалюте. И уникальность сегодняшнего дня в том, что емкость этого рынка уже больше $100 млрд. При этом, сам рынок &ndash; не регулируется! Инвестиции через ICO уже привлекли сотни проектов, и не только крупные (типа, Brave на $35 млн., Aragon на $25 млн. или Ethereum на $18 млн.), но даже подмосковная ферма &laquo;Колионово&raquo; с какими-то $500 тысяч.</span><br style=\"box-sizing: inherit; color: #656269; font-family: \'PT Sans\'; font-size: 15px;\" /><span style=\"color: #656269; font-family: \'PT Sans\'; font-size: 15px;\">Ну, а про множество мошенников, &laquo;срубающих&raquo; по $50-$60 миллионов и вовсе ходят легенды.</span></p>','news/October2017/скачанные-файлы-4-626x500.jpg','2017-10-13 08:18:38','2017-10-13 08:18:38',NULL,NULL),(97,'Крипту в России возьмут на контроль!?','2017-10-11','<p class=\"z\">Государственное регулирование использования криптовалют &mdash; необходимое условие для исключения различных рисков при их использовании. Такое мнение высказал кандидат экономических наук, директор ИАЦ &laquo;Эксперт&raquo; Северо-восточного федерального университета (СВФУ) Юрий Данилов, комментируя намерение внести в проект закона о легализации криптовалюты поправку об ограничении предельной суммы покупки токенов для физлиц (600 тыс. рублей) и рекомендации Минфина РФ о необходимости регистрации майнеров (в качестве юридических лиц).</p>\r\n<p class=\"z\">&laquo;Введение криптовалют в финансовое обращение страны &mdash; назревшее решение, &mdash; отметил эксперт, подчеркнув необходимость исключить риски при использовании этого платёжного способа. &mdash; Также необходимо страхование вкладов в криптовалюту, а государственное регулирование должно предотвращать создание финансовых пирамид на их основе&raquo;.</p>\r\n<p class=\"z\">Юрий Данилов также обратил внимание на то, что ограничения по покупке криптовалюты физлицами определённой суммой связаны с возможностью их использования для отмывания денег и финансирования терроризма. Такие меры кандидат экономических наук считает необходимыми при введении в финансовое обращение в России криптовалют.</p>','news/October2017/u4cWuj3k2Q0-700x500.jpg','2017-10-13 08:20:00','2017-10-24 12:16:21',NULL,'Новость'),(98,'STARTUP SHOW в Москве','2017-10-12','<p class=\"z\">13 ОКТЯБРЯ 2017, 21:00, GIPSY</p>\r\n<p class=\"z\">STARTUP SHOW &mdash; ШОУ О ЦИФРОВОЙ ЭКОНОМИКЕ, О РАЗВИТИИ МАЛОГО И СРЕДНЕГО ПРЕДПРИНИМАТЕЛЬСТВА, О СТАРТАПАХ, ТЕХНОЛОГИЯХ И ИННОВАЦИЯХ, СОЗДАВАЕМЫХ В РОССИИ.</p>\r\n<p class=\"z\">13 ОКТЯБРЯ 2017, 21:00, GIPSY<br style=\"box-sizing: inherit;\" />СУПЕР ГОСТЬ STARTUP SHOW &mdash; АЛЕКСЕЙ МАРЕЙ, CEO АЛЬФА-БАНК.</p>','news/October2017/ylPG1Zh8ShQ.jpg','2017-10-13 08:21:00','2017-10-23 07:55:17','STARTUP SHOW в Москве','Статья');
/*!40000 ALTER TABLE `main_news` ENABLE KEYS */;
UNLOCK TABLES;

--
-- Table structure for table `menu_items`
--

DROP TABLE IF EXISTS `menu_items`;
/*!40101 SET @saved_cs_client     = @@character_set_client */;
/*!40101 SET character_set_client = utf8 */;
CREATE TABLE `menu_items` (
  `id` int(10) unsigned NOT NULL AUTO_INCREMENT,
  `menu_id` int(10) unsigned DEFAULT NULL,
  `title` varchar(191) COLLATE utf8mb4_unicode_ci NOT NULL,
  `url` varchar(191) COLLATE utf8mb4_unicode_ci NOT NULL,
  `target` varchar(191) COLLATE utf8mb4_unicode_ci NOT NULL DEFAULT '_self',
  `icon_class` varchar(191) COLLATE utf8mb4_unicode_ci DEFAULT NULL,
  `color` varchar(191) COLLATE utf8mb4_unicode_ci DEFAULT NULL,
  `parent_id` int(11) DEFAULT NULL,
  `order` int(11) NOT NULL,
  `created_at` timestamp NULL DEFAULT NULL,
  `updated_at` timestamp NULL DEFAULT NULL,
  `route` varchar(191) COLLATE utf8mb4_unicode_ci DEFAULT NULL,
  `parameters` text COLLATE utf8mb4_unicode_ci,
  PRIMARY KEY (`id`),
  KEY `menu_items_menu_id_foreign` (`menu_id`),
  CONSTRAINT `menu_items_menu_id_foreign` FOREIGN KEY (`menu_id`) REFERENCES `menus` (`id`) ON DELETE CASCADE
) ENGINE=InnoDB AUTO_INCREMENT=20 DEFAULT CHARSET=utf8mb4 COLLATE=utf8mb4_unicode_ci;
/*!40101 SET character_set_client = @saved_cs_client */;

--
-- Dumping data for table `menu_items`
--

LOCK TABLES `menu_items` WRITE;
/*!40000 ALTER TABLE `menu_items` DISABLE KEYS */;
INSERT INTO `menu_items` VALUES (1,1,'Dashboard','','_self','voyager-boat',NULL,NULL,1,'2017-10-07 18:58:04','2017-10-07 18:58:04','voyager.dashboard',NULL),(2,1,'Media','','_self','voyager-images',NULL,NULL,5,'2017-10-07 18:58:04','2017-10-07 18:58:04','voyager.media.index',NULL),(3,1,'Posts','','_self','voyager-news',NULL,NULL,6,'2017-10-07 18:58:04','2017-10-07 18:58:04','voyager.posts.index',NULL),(4,1,'Users','','_self','voyager-person',NULL,NULL,3,'2017-10-07 18:58:04','2017-10-07 18:58:04','voyager.users.index',NULL),(5,1,'Categories','','_self','voyager-categories',NULL,NULL,8,'2017-10-07 18:58:04','2017-10-07 18:58:04','voyager.categories.index',NULL),(6,1,'Pages','','_self','voyager-file-text',NULL,NULL,7,'2017-10-07 18:58:04','2017-10-07 18:58:04','voyager.pages.index',NULL),(7,1,'Roles','','_self','voyager-lock',NULL,NULL,2,'2017-10-07 18:58:04','2017-10-07 18:58:04','voyager.roles.index',NULL),(8,1,'Tools','','_self','voyager-tools',NULL,NULL,9,'2017-10-07 18:58:04','2017-10-07 18:58:04',NULL,NULL),(9,1,'Menu Builder','','_self','voyager-list',NULL,8,10,'2017-10-07 18:58:04','2017-10-07 18:58:04','voyager.menus.index',NULL),(10,1,'Database','','_self','voyager-data',NULL,8,11,'2017-10-07 18:58:04','2017-10-07 18:58:04','voyager.database.index',NULL),(11,1,'Compass','/admin/compass','_self','voyager-compass',NULL,8,12,'2017-10-07 18:58:04','2017-10-07 18:58:04',NULL,NULL),(12,1,'Hooks','/admin/hooks','_self','voyager-hook',NULL,8,13,'2017-10-07 18:58:04','2017-10-07 18:58:04',NULL,NULL),(13,1,'Settings','','_self','voyager-settings',NULL,NULL,14,'2017-10-07 18:58:04','2017-10-07 18:58:04','voyager.settings.index',NULL),(15,1,'Проекты в каталоге','/admin/products','_self',NULL,'#000000',NULL,16,'2017-10-10 01:24:07','2017-10-10 01:28:18',NULL,''),(16,1,'Проекты фото','admin/products-photos','_self',NULL,'#000000',NULL,17,'2017-10-10 01:33:40','2017-10-10 01:33:40',NULL,''),(17,1,'Команда','/admin/commands','_self','voyager-bomb','#000000',NULL,18,'2017-10-13 01:31:11','2017-10-13 01:31:11',NULL,''),(18,1,'Новости','/admin/news','_self','voyager-window-list','#000000',NULL,19,'2017-10-13 01:32:04','2017-10-13 01:32:49',NULL,''),(19,1,'Инвесторы','admin/invests','_self',NULL,'#000000',NULL,20,'2017-10-13 06:17:01','2017-10-13 06:18:21',NULL,'');
/*!40000 ALTER TABLE `menu_items` ENABLE KEYS */;
UNLOCK TABLES;

--
-- Table structure for table `menus`
--

DROP TABLE IF EXISTS `menus`;
/*!40101 SET @saved_cs_client     = @@character_set_client */;
/*!40101 SET character_set_client = utf8 */;
CREATE TABLE `menus` (
  `id` int(10) unsigned NOT NULL AUTO_INCREMENT,
  `name` varchar(191) COLLATE utf8mb4_unicode_ci NOT NULL,
  `created_at` timestamp NULL DEFAULT NULL,
  `updated_at` timestamp NULL DEFAULT NULL,
  PRIMARY KEY (`id`),
  UNIQUE KEY `menus_name_unique` (`name`)
) ENGINE=InnoDB AUTO_INCREMENT=2 DEFAULT CHARSET=utf8mb4 COLLATE=utf8mb4_unicode_ci;
/*!40101 SET character_set_client = @saved_cs_client */;

--
-- Dumping data for table `menus`
--

LOCK TABLES `menus` WRITE;
/*!40000 ALTER TABLE `menus` DISABLE KEYS */;
INSERT INTO `menus` VALUES (1,'admin','2017-10-07 18:58:04','2017-10-07 18:58:04');
/*!40000 ALTER TABLE `menus` ENABLE KEYS */;
UNLOCK TABLES;

--
-- Table structure for table `migrations`
--

DROP TABLE IF EXISTS `migrations`;
/*!40101 SET @saved_cs_client     = @@character_set_client */;
/*!40101 SET character_set_client = utf8 */;
CREATE TABLE `migrations` (
  `id` int(10) unsigned NOT NULL AUTO_INCREMENT,
  `migration` varchar(191) COLLATE utf8mb4_unicode_ci NOT NULL,
  `batch` int(11) NOT NULL,
  PRIMARY KEY (`id`)
) ENGINE=InnoDB AUTO_INCREMENT=24 DEFAULT CHARSET=utf8mb4 COLLATE=utf8mb4_unicode_ci;
/*!40101 SET character_set_client = @saved_cs_client */;

--
-- Dumping data for table `migrations`
--

LOCK TABLES `migrations` WRITE;
/*!40000 ALTER TABLE `migrations` DISABLE KEYS */;
INSERT INTO `migrations` VALUES (1,'2014_10_12_000000_create_users_table',1),(2,'2014_10_12_100000_create_password_resets_table',1),(3,'2016_01_01_000000_add_voyager_user_fields',1),(4,'2016_01_01_000000_create_data_types_table',1),(5,'2016_01_01_000000_create_pages_table',1),(6,'2016_01_01_000000_create_posts_table',1),(7,'2016_02_15_204651_create_categories_table',1),(8,'2016_05_19_173453_create_menu_table',1),(9,'2016_10_21_190000_create_roles_table',1),(10,'2016_10_21_190000_create_settings_table',1),(11,'2016_11_30_135954_create_permission_table',1),(12,'2016_11_30_141208_create_permission_role_table',1),(13,'2016_12_26_201236_data_types__add__server_side',1),(14,'2017_01_13_000000_add_route_to_menu_items_table',1),(15,'2017_01_14_005015_create_translations_table',1),(16,'2017_01_15_000000_add_permission_group_id_to_permissions_table',1),(17,'2017_01_15_000000_create_permission_groups_table',1),(18,'2017_01_15_000000_make_table_name_nullable_in_permissions_table',1),(19,'2017_03_06_000000_add_controller_to_data_types_table',1),(20,'2017_04_11_000000_alter_post_nullable_fields_table',1),(21,'2017_04_21_000000_add_order_to_data_rows_table',1),(22,'2017_07_05_210000_add_policyname_to_data_types_table',1),(23,'2017_08_05_000000_add_group_to_settings_table',1);
/*!40000 ALTER TABLE `migrations` ENABLE KEYS */;
UNLOCK TABLES;

--
-- Table structure for table `pages`
--

DROP TABLE IF EXISTS `pages`;
/*!40101 SET @saved_cs_client     = @@character_set_client */;
/*!40101 SET character_set_client = utf8 */;
CREATE TABLE `pages` (
  `id` int(10) unsigned NOT NULL AUTO_INCREMENT,
  `author_id` int(11) NOT NULL,
  `title` varchar(191) COLLATE utf8mb4_unicode_ci NOT NULL,
  `excerpt` text COLLATE utf8mb4_unicode_ci,
  `body` text COLLATE utf8mb4_unicode_ci,
  `image` varchar(191) COLLATE utf8mb4_unicode_ci DEFAULT NULL,
  `slug` varchar(191) COLLATE utf8mb4_unicode_ci NOT NULL,
  `meta_description` text COLLATE utf8mb4_unicode_ci,
  `meta_keywords` text COLLATE utf8mb4_unicode_ci,
  `status` enum('ACTIVE','INACTIVE') COLLATE utf8mb4_unicode_ci NOT NULL DEFAULT 'INACTIVE',
  `created_at` timestamp NULL DEFAULT NULL,
  `updated_at` timestamp NULL DEFAULT NULL,
  PRIMARY KEY (`id`),
  UNIQUE KEY `pages_slug_unique` (`slug`)
) ENGINE=InnoDB AUTO_INCREMENT=2 DEFAULT CHARSET=utf8mb4 COLLATE=utf8mb4_unicode_ci;
/*!40101 SET character_set_client = @saved_cs_client */;

--
-- Dumping data for table `pages`
--

LOCK TABLES `pages` WRITE;
/*!40000 ALTER TABLE `pages` DISABLE KEYS */;
INSERT INTO `pages` VALUES (1,0,'Hello World','Hang the jib grog grog blossom grapple dance the hempen jig gangway pressgang bilge rat to go on account lugger. Nelsons folly gabion line draught scallywag fire ship gaff fluke fathom case shot. Sea Legs bilge rat sloop matey gabion long clothes run a shot across the bow Gold Road cog league.','<p>Hello World. Scallywag grog swab Cat o\'nine tails scuttle rigging hardtack cable nipper Yellow Jack. Handsomely spirits knave lad killick landlubber or just lubber deadlights chantey pinnace crack Jennys tea cup. Provost long clothes black spot Yellow Jack bilged on her anchor league lateen sail case shot lee tackle.</p>\n<p>Ballast spirits fluke topmast me quarterdeck schooner landlubber or just lubber gabion belaying pin. Pinnace stern galleon starboard warp carouser to go on account dance the hempen jig jolly boat measured fer yer chains. Man-of-war fire in the hole nipperkin handsomely doubloon barkadeer Brethren of the Coast gibbet driver squiffy.</p>','pages/page1.jpg','hello-world','Yar Meta Description','Keyword1, Keyword2','ACTIVE','2017-10-07 18:58:04','2017-10-07 18:58:04');
/*!40000 ALTER TABLE `pages` ENABLE KEYS */;
UNLOCK TABLES;

--
-- Table structure for table `password_resets`
--

DROP TABLE IF EXISTS `password_resets`;
/*!40101 SET @saved_cs_client     = @@character_set_client */;
/*!40101 SET character_set_client = utf8 */;
CREATE TABLE `password_resets` (
  `email` varchar(191) COLLATE utf8mb4_unicode_ci NOT NULL,
  `token` varchar(191) COLLATE utf8mb4_unicode_ci NOT NULL,
  `created_at` timestamp NULL DEFAULT NULL,
  KEY `password_resets_email_index` (`email`)
) ENGINE=InnoDB DEFAULT CHARSET=utf8mb4 COLLATE=utf8mb4_unicode_ci;
/*!40101 SET character_set_client = @saved_cs_client */;

--
-- Dumping data for table `password_resets`
--

LOCK TABLES `password_resets` WRITE;
/*!40000 ALTER TABLE `password_resets` DISABLE KEYS */;
/*!40000 ALTER TABLE `password_resets` ENABLE KEYS */;
UNLOCK TABLES;

--
-- Table structure for table `permission_groups`
--

DROP TABLE IF EXISTS `permission_groups`;
/*!40101 SET @saved_cs_client     = @@character_set_client */;
/*!40101 SET character_set_client = utf8 */;
CREATE TABLE `permission_groups` (
  `id` int(10) unsigned NOT NULL AUTO_INCREMENT,
  `name` varchar(191) COLLATE utf8mb4_unicode_ci NOT NULL,
  PRIMARY KEY (`id`),
  UNIQUE KEY `permission_groups_name_unique` (`name`)
) ENGINE=InnoDB DEFAULT CHARSET=utf8mb4 COLLATE=utf8mb4_unicode_ci;
/*!40101 SET character_set_client = @saved_cs_client */;

--
-- Dumping data for table `permission_groups`
--

LOCK TABLES `permission_groups` WRITE;
/*!40000 ALTER TABLE `permission_groups` DISABLE KEYS */;
/*!40000 ALTER TABLE `permission_groups` ENABLE KEYS */;
UNLOCK TABLES;

--
-- Table structure for table `permission_role`
--

DROP TABLE IF EXISTS `permission_role`;
/*!40101 SET @saved_cs_client     = @@character_set_client */;
/*!40101 SET character_set_client = utf8 */;
CREATE TABLE `permission_role` (
  `permission_id` int(10) unsigned NOT NULL,
  `role_id` int(10) unsigned NOT NULL,
  PRIMARY KEY (`permission_id`,`role_id`),
  KEY `permission_role_permission_id_index` (`permission_id`),
  KEY `permission_role_role_id_index` (`role_id`),
  CONSTRAINT `permission_role_permission_id_foreign` FOREIGN KEY (`permission_id`) REFERENCES `permissions` (`id`) ON DELETE CASCADE,
  CONSTRAINT `permission_role_role_id_foreign` FOREIGN KEY (`role_id`) REFERENCES `roles` (`id`) ON DELETE CASCADE
) ENGINE=InnoDB DEFAULT CHARSET=utf8mb4 COLLATE=utf8mb4_unicode_ci;
/*!40101 SET character_set_client = @saved_cs_client */;

--
-- Dumping data for table `permission_role`
--

LOCK TABLES `permission_role` WRITE;
/*!40000 ALTER TABLE `permission_role` DISABLE KEYS */;
INSERT INTO `permission_role` VALUES (1,1),(2,1),(3,1),(4,1),(5,1),(6,1),(7,1),(8,1),(9,1),(10,1),(11,1),(12,1),(13,1),(14,1),(15,1),(16,1),(17,1),(18,1),(19,1),(20,1),(21,1),(22,1),(23,1),(24,1),(25,1),(26,1),(27,1),(28,1),(29,1),(30,1),(31,1),(32,1),(33,1),(34,1),(35,1),(36,1),(37,1),(38,1),(39,1),(50,1),(51,1),(52,1),(53,1),(54,1),(65,1),(66,1),(67,1),(68,1),(69,1),(75,1),(76,1),(77,1),(78,1),(79,1),(80,1),(81,1),(82,1),(83,1),(84,1),(90,1),(91,1),(92,1),(93,1),(94,1),(95,1),(96,1),(97,1),(98,1),(99,1),(100,1),(101,1),(102,1),(103,1),(104,1);
/*!40000 ALTER TABLE `permission_role` ENABLE KEYS */;
UNLOCK TABLES;

--
-- Table structure for table `permissions`
--

DROP TABLE IF EXISTS `permissions`;
/*!40101 SET @saved_cs_client     = @@character_set_client */;
/*!40101 SET character_set_client = utf8 */;
CREATE TABLE `permissions` (
  `id` int(10) unsigned NOT NULL AUTO_INCREMENT,
  `key` varchar(191) COLLATE utf8mb4_unicode_ci NOT NULL,
  `table_name` varchar(191) COLLATE utf8mb4_unicode_ci DEFAULT NULL,
  `created_at` timestamp NULL DEFAULT NULL,
  `updated_at` timestamp NULL DEFAULT NULL,
  `permission_group_id` int(10) unsigned DEFAULT NULL,
  PRIMARY KEY (`id`),
  KEY `permissions_key_index` (`key`)
) ENGINE=InnoDB AUTO_INCREMENT=105 DEFAULT CHARSET=utf8mb4 COLLATE=utf8mb4_unicode_ci;
/*!40101 SET character_set_client = @saved_cs_client */;

--
-- Dumping data for table `permissions`
--

LOCK TABLES `permissions` WRITE;
/*!40000 ALTER TABLE `permissions` DISABLE KEYS */;
INSERT INTO `permissions` VALUES (1,'browse_admin',NULL,'2017-10-07 18:58:04','2017-10-07 18:58:04',NULL),(2,'browse_database',NULL,'2017-10-07 18:58:04','2017-10-07 18:58:04',NULL),(3,'browse_media',NULL,'2017-10-07 18:58:04','2017-10-07 18:58:04',NULL),(4,'browse_compass',NULL,'2017-10-07 18:58:04','2017-10-07 18:58:04',NULL),(5,'browse_menus','menus','2017-10-07 18:58:04','2017-10-07 18:58:04',NULL),(6,'read_menus','menus','2017-10-07 18:58:04','2017-10-07 18:58:04',NULL),(7,'edit_menus','menus','2017-10-07 18:58:04','2017-10-07 18:58:04',NULL),(8,'add_menus','menus','2017-10-07 18:58:04','2017-10-07 18:58:04',NULL),(9,'delete_menus','menus','2017-10-07 18:58:04','2017-10-07 18:58:04',NULL),(10,'browse_pages','pages','2017-10-07 18:58:04','2017-10-07 18:58:04',NULL),(11,'read_pages','pages','2017-10-07 18:58:04','2017-10-07 18:58:04',NULL),(12,'edit_pages','pages','2017-10-07 18:58:04','2017-10-07 18:58:04',NULL),(13,'add_pages','pages','2017-10-07 18:58:04','2017-10-07 18:58:04',NULL),(14,'delete_pages','pages','2017-10-07 18:58:04','2017-10-07 18:58:04',NULL),(15,'browse_roles','roles','2017-10-07 18:58:04','2017-10-07 18:58:04',NULL),(16,'read_roles','roles','2017-10-07 18:58:04','2017-10-07 18:58:04',NULL),(17,'edit_roles','roles','2017-10-07 18:58:04','2017-10-07 18:58:04',NULL),(18,'add_roles','roles','2017-10-07 18:58:04','2017-10-07 18:58:04',NULL),(19,'delete_roles','roles','2017-10-07 18:58:04','2017-10-07 18:58:04',NULL),(20,'browse_users','users','2017-10-07 18:58:04','2017-10-07 18:58:04',NULL),(21,'read_users','users','2017-10-07 18:58:04','2017-10-07 18:58:04',NULL),(22,'edit_users','users','2017-10-07 18:58:04','2017-10-07 18:58:04',NULL),(23,'add_users','users','2017-10-07 18:58:04','2017-10-07 18:58:04',NULL),(24,'delete_users','users','2017-10-07 18:58:04','2017-10-07 18:58:04',NULL),(25,'browse_posts','posts','2017-10-07 18:58:04','2017-10-07 18:58:04',NULL),(26,'read_posts','posts','2017-10-07 18:58:04','2017-10-07 18:58:04',NULL),(27,'edit_posts','posts','2017-10-07 18:58:04','2017-10-07 18:58:04',NULL),(28,'add_posts','posts','2017-10-07 18:58:04','2017-10-07 18:58:04',NULL),(29,'delete_posts','posts','2017-10-07 18:58:04','2017-10-07 18:58:04',NULL),(30,'browse_categories','categories','2017-10-07 18:58:04','2017-10-07 18:58:04',NULL),(31,'read_categories','categories','2017-10-07 18:58:04','2017-10-07 18:58:04',NULL),(32,'edit_categories','categories','2017-10-07 18:58:04','2017-10-07 18:58:04',NULL),(33,'add_categories','categories','2017-10-07 18:58:04','2017-10-07 18:58:04',NULL),(34,'delete_categories','categories','2017-10-07 18:58:04','2017-10-07 18:58:04',NULL),(35,'browse_settings','settings','2017-10-07 18:58:04','2017-10-07 18:58:04',NULL),(36,'read_settings','settings','2017-10-07 18:58:04','2017-10-07 18:58:04',NULL),(37,'edit_settings','settings','2017-10-07 18:58:04','2017-10-07 18:58:04',NULL),(38,'add_settings','settings','2017-10-07 18:58:04','2017-10-07 18:58:04',NULL),(39,'delete_settings','settings','2017-10-07 18:58:04','2017-10-07 18:58:04',NULL),(50,'browse_products','products','2017-10-07 20:51:21','2017-10-07 20:51:21',NULL),(51,'read_products','products','2017-10-07 20:51:21','2017-10-07 20:51:21',NULL),(52,'edit_products','products','2017-10-07 20:51:21','2017-10-07 20:51:21',NULL),(53,'add_products','products','2017-10-07 20:51:21','2017-10-07 20:51:21',NULL),(54,'delete_products','products','2017-10-07 20:51:21','2017-10-07 20:51:21',NULL),(65,'browse_products_photos','products_photos','2017-10-07 22:28:15','2017-10-07 22:28:15',NULL),(66,'read_products_photos','products_photos','2017-10-07 22:28:15','2017-10-07 22:28:15',NULL),(67,'edit_products_photos','products_photos','2017-10-07 22:28:15','2017-10-07 22:28:15',NULL),(68,'add_products_photos','products_photos','2017-10-07 22:28:15','2017-10-07 22:28:15',NULL),(69,'delete_products_photos','products_photos','2017-10-07 22:28:15','2017-10-07 22:28:15',NULL),(70,'browse_seos','seos','2017-10-08 02:55:31','2017-10-08 02:55:31',NULL),(71,'read_seos','seos','2017-10-08 02:55:31','2017-10-08 02:55:31',NULL),(72,'edit_seos','seos','2017-10-08 02:55:31','2017-10-08 02:55:31',NULL),(73,'add_seos','seos','2017-10-08 02:55:31','2017-10-08 02:55:31',NULL),(74,'delete_seos','seos','2017-10-08 02:55:31','2017-10-08 02:55:31',NULL),(75,'browse_main_news','main_news','2017-10-12 00:38:07','2017-10-12 00:38:07',NULL),(76,'read_main_news','main_news','2017-10-12 00:38:07','2017-10-12 00:38:07',NULL),(77,'edit_main_news','main_news','2017-10-12 00:38:07','2017-10-12 00:38:07',NULL),(78,'add_main_news','main_news','2017-10-12 00:38:07','2017-10-12 00:38:07',NULL),(79,'delete_main_news','main_news','2017-10-12 00:38:07','2017-10-12 00:38:07',NULL),(80,'browse_commands','commands','2017-10-13 01:10:46','2017-10-13 01:10:46',NULL),(81,'read_commands','commands','2017-10-13 01:10:46','2017-10-13 01:10:46',NULL),(82,'edit_commands','commands','2017-10-13 01:10:46','2017-10-13 01:10:46',NULL),(83,'add_commands','commands','2017-10-13 01:10:46','2017-10-13 01:10:46',NULL),(84,'delete_commands','commands','2017-10-13 01:10:46','2017-10-13 01:10:46',NULL),(90,'browse_videos','videos','2017-10-13 01:50:57','2017-10-13 01:50:57',NULL),(91,'read_videos','videos','2017-10-13 01:50:57','2017-10-13 01:50:57',NULL),(92,'edit_videos','videos','2017-10-13 01:50:57','2017-10-13 01:50:57',NULL),(93,'add_videos','videos','2017-10-13 01:50:57','2017-10-13 01:50:57',NULL),(94,'delete_videos','videos','2017-10-13 01:50:57','2017-10-13 01:50:57',NULL),(95,'browse_photos','photos','2017-10-13 02:02:09','2017-10-13 02:02:09',NULL),(96,'read_photos','photos','2017-10-13 02:02:09','2017-10-13 02:02:09',NULL),(97,'edit_photos','photos','2017-10-13 02:02:09','2017-10-13 02:02:09',NULL),(98,'add_photos','photos','2017-10-13 02:02:09','2017-10-13 02:02:09',NULL),(99,'delete_photos','photos','2017-10-13 02:02:09','2017-10-13 02:02:09',NULL),(100,'browse_invests','invests','2017-10-13 02:10:47','2017-10-13 02:10:47',NULL),(101,'read_invests','invests','2017-10-13 02:10:47','2017-10-13 02:10:47',NULL),(102,'edit_invests','invests','2017-10-13 02:10:47','2017-10-13 02:10:47',NULL),(103,'add_invests','invests','2017-10-13 02:10:47','2017-10-13 02:10:47',NULL),(104,'delete_invests','invests','2017-10-13 02:10:47','2017-10-13 02:10:47',NULL);
/*!40000 ALTER TABLE `permissions` ENABLE KEYS */;
UNLOCK TABLES;

--
-- Table structure for table `photos`
--

DROP TABLE IF EXISTS `photos`;
/*!40101 SET @saved_cs_client     = @@character_set_client */;
/*!40101 SET character_set_client = utf8 */;
CREATE TABLE `photos` (
  `id` int(10) unsigned NOT NULL AUTO_INCREMENT,
  `title` text COLLATE utf8_unicode_ci,
  `photo` text COLLATE utf8_unicode_ci,
  `created_at` timestamp NULL DEFAULT NULL,
  `updated_at` timestamp NULL DEFAULT NULL,
  PRIMARY KEY (`id`)
) ENGINE=InnoDB AUTO_INCREMENT=2 DEFAULT CHARSET=utf8 COLLATE=utf8_unicode_ci;
/*!40101 SET character_set_client = @saved_cs_client */;

--
-- Dumping data for table `photos`
--

LOCK TABLES `photos` WRITE;
/*!40000 ALTER TABLE `photos` DISABLE KEYS */;
INSERT INTO `photos` VALUES (1,'12-13 октября в Вологде и в Череповце пройдет II Межрегиональный совет по кооперации','<p><img src=\"http://new-inno-laravel-j000king.c9users.io/storage/photos/October2017/02988b15359835.5628ffb406dad.jpg\" width=\"100%\" /></p>\r\n<p>фотка</p>\r\n<p>фотка&nbsp;<img src=\"http://new-inno-laravel-j000king.c9users.io/storage/photos/October2017/girl.png\" alt=\"\" width=\"100%\" /></p>\r\n<p>ульяна&nbsp;<img src=\"http://new-inno-laravel-j000king.c9users.io/storage/photos/October2017/g9EhvzLGWT8.jpg\" alt=\"\" width=\"100%\" /></p>','2017-10-13 02:04:00','2017-10-13 02:05:48');
/*!40000 ALTER TABLE `photos` ENABLE KEYS */;
UNLOCK TABLES;

--
-- Table structure for table `posts`
--

DROP TABLE IF EXISTS `posts`;
/*!40101 SET @saved_cs_client     = @@character_set_client */;
/*!40101 SET character_set_client = utf8 */;
CREATE TABLE `posts` (
  `id` int(10) unsigned NOT NULL AUTO_INCREMENT,
  `author_id` int(11) NOT NULL,
  `category_id` int(11) DEFAULT NULL,
  `title` varchar(191) COLLATE utf8mb4_unicode_ci NOT NULL,
  `seo_title` varchar(191) COLLATE utf8mb4_unicode_ci DEFAULT NULL,
  `excerpt` text COLLATE utf8mb4_unicode_ci,
  `body` text COLLATE utf8mb4_unicode_ci NOT NULL,
  `image` varchar(191) COLLATE utf8mb4_unicode_ci DEFAULT NULL,
  `slug` varchar(191) COLLATE utf8mb4_unicode_ci NOT NULL,
  `meta_description` text COLLATE utf8mb4_unicode_ci,
  `meta_keywords` text COLLATE utf8mb4_unicode_ci,
  `status` enum('PUBLISHED','DRAFT','PENDING') COLLATE utf8mb4_unicode_ci NOT NULL DEFAULT 'DRAFT',
  `featured` tinyint(1) NOT NULL DEFAULT '0',
  `created_at` timestamp NULL DEFAULT NULL,
  `updated_at` timestamp NULL DEFAULT NULL,
  PRIMARY KEY (`id`),
  UNIQUE KEY `posts_slug_unique` (`slug`)
) ENGINE=InnoDB AUTO_INCREMENT=5 DEFAULT CHARSET=utf8mb4 COLLATE=utf8mb4_unicode_ci;
/*!40101 SET character_set_client = @saved_cs_client */;

--
-- Dumping data for table `posts`
--

LOCK TABLES `posts` WRITE;
/*!40000 ALTER TABLE `posts` DISABLE KEYS */;
INSERT INTO `posts` VALUES (1,0,NULL,'Lorem Ipsum Post',NULL,'This is the excerpt for the Lorem Ipsum Post','<p>This is the body of the lorem ipsum post</p>','posts/post1.jpg','lorem-ipsum-post','This is the meta description','keyword1, keyword2, keyword3','PUBLISHED',0,'2017-10-07 18:58:04','2017-10-07 18:58:04'),(2,0,NULL,'My Sample Post',NULL,'This is the excerpt for the sample Post','<p>This is the body for the sample post, which includes the body.</p>\n                <h2>We can use all kinds of format!</h2>\n                <p>And include a bunch of other stuff.</p>','posts/post2.jpg','my-sample-post','Meta Description for sample post','keyword1, keyword2, keyword3','PUBLISHED',0,'2017-10-07 18:58:04','2017-10-07 18:58:04'),(3,0,NULL,'Latest Post',NULL,'This is the excerpt for the latest post','<p>This is the body for the latest post</p>','posts/post3.jpg','latest-post','This is the meta description','keyword1, keyword2, keyword3','PUBLISHED',0,'2017-10-07 18:58:04','2017-10-07 18:58:04'),(4,0,NULL,'Yarr Post',NULL,'Reef sails nipperkin bring a spring upon her cable coffer jury mast spike marooned Pieces of Eight poop deck pillage. Clipper driver coxswain galleon hempen halter come about pressgang gangplank boatswain swing the lead. Nipperkin yard skysail swab lanyard Blimey bilge water ho quarter Buccaneer.','<p>Swab deadlights Buccaneer fire ship square-rigged dance the hempen jig weigh anchor cackle fruit grog furl. Crack Jennys tea cup chase guns pressgang hearties spirits hogshead Gold Road six pounders fathom measured fer yer chains. Main sheet provost come about trysail barkadeer crimp scuttle mizzenmast brig plunder.</p>\n<p>Mizzen league keelhaul galleon tender cog chase Barbary Coast doubloon crack Jennys tea cup. Blow the man down lugsail fire ship pinnace cackle fruit line warp Admiral of the Black strike colors doubloon. Tackle Jack Ketch come about crimp rum draft scuppers run a shot across the bow haul wind maroon.</p>\n<p>Interloper heave down list driver pressgang holystone scuppers tackle scallywag bilged on her anchor. Jack Tar interloper draught grapple mizzenmast hulk knave cable transom hogshead. Gaff pillage to go on account grog aft chase guns piracy yardarm knave clap of thunder.</p>','posts/post4.jpg','yarr-post','this be a meta descript','keyword1, keyword2, keyword3','PUBLISHED',0,'2017-10-07 18:58:04','2017-10-07 18:58:04');
/*!40000 ALTER TABLE `posts` ENABLE KEYS */;
UNLOCK TABLES;

--
-- Table structure for table `products`
--

DROP TABLE IF EXISTS `products`;
/*!40101 SET @saved_cs_client     = @@character_set_client */;
/*!40101 SET character_set_client = utf8 */;
CREATE TABLE `products` (
  `id` int(10) unsigned NOT NULL AUTO_INCREMENT,
  `name` text COLLATE utf8_unicode_ci,
  `created_at` timestamp NULL DEFAULT NULL,
  `updated_at` timestamp NULL DEFAULT NULL,
  `class_add` text COLLATE utf8_unicode_ci,
  `fio` text COLLATE utf8_unicode_ci,
  `opis` text COLLATE utf8_unicode_ci,
  `stad` text COLLATE utf8_unicode_ci,
  `concur` text COLLATE utf8_unicode_ci,
  `potr` text COLLATE utf8_unicode_ci,
  `preim` text COLLATE utf8_unicode_ci,
  `sphere` text COLLATE utf8_unicode_ci,
  `otl` text COLLATE utf8_unicode_ci,
  PRIMARY KEY (`id`)
) ENGINE=InnoDB AUTO_INCREMENT=167 DEFAULT CHARSET=utf8 COLLATE=utf8_unicode_ci;
/*!40101 SET character_set_client = @saved_cs_client */;

--
-- Dumping data for table `products`
--

LOCK TABLES `products` WRITE;
/*!40000 ALTER TABLE `products` DISABLE KEYS */;
INSERT INTO `products` VALUES (161,'Название 1','2017-10-13 06:22:17','2017-10-13 06:22:17','it-pr','Фио1','краткое описание 1','Стадия 1','Наличие конкурентов 1','Предлог потребности 1','Преимущества 1','Возможные сферы 1','отличия от конкурентов 1'),(162,'Проект 2','2017-10-13 06:27:32','2017-10-13 06:27:32','adap-pr','Фио2','краткое опис 2','стадия 2','конкуренты 2','потребности 2','преимущества 2','сферы 2','отличия 2'),(163,'название 3','2017-10-13 06:28:46','2017-10-13 06:28:46','it-pr','фио 3','краткое опписание 3','стадия 3','наличия конкурентов 3','предпологаемая инвестиция','преимущества 3','сферы 3','отличия 3'),(164,'название 4','2017-10-13 06:31:34','2017-10-13 06:31:34','finteh-pr','Фио 4','краткое 4','стадия 4','конкуренты 4','инвестиция 4','преимущества 4','сферы 4','отличия 4'),(165,'проект 5','2017-10-13 09:23:13','2017-10-13 09:23:13','um-pr','фио5','краткое 5','стадия 5','конкуренты 5','инвестиция 5',NULL,NULL,NULL),(166,'Рособналконсалт','2017-10-18 10:44:59','2017-10-18 10:44:59','finteh-pr','Котиков Иван Владимировчи','налим бабло за 2%','уже','нет','1000000000000','наглость','повсеместно','наличие оружия');
/*!40000 ALTER TABLE `products` ENABLE KEYS */;
UNLOCK TABLES;

--
-- Table structure for table `products_photos`
--

DROP TABLE IF EXISTS `products_photos`;
/*!40101 SET @saved_cs_client     = @@character_set_client */;
/*!40101 SET character_set_client = utf8 */;
CREATE TABLE `products_photos` (
  `id` int(10) unsigned NOT NULL AUTO_INCREMENT,
  `product_id` int(11) DEFAULT NULL,
  `filename` text COLLATE utf8_unicode_ci,
  `class_add` text COLLATE utf8_unicode_ci,
  `created_at` timestamp NULL DEFAULT NULL,
  `updated_at` timestamp NULL DEFAULT NULL,
  `fio` text COLLATE utf8_unicode_ci,
  `opis` text COLLATE utf8_unicode_ci,
  `stad` text COLLATE utf8_unicode_ci,
  `concur` text COLLATE utf8_unicode_ci,
  `potr` text COLLATE utf8_unicode_ci,
  `preim` text COLLATE utf8_unicode_ci,
  `sphere` text COLLATE utf8_unicode_ci,
  `otl` text COLLATE utf8_unicode_ci,
  `name` text COLLATE utf8_unicode_ci,
  PRIMARY KEY (`id`)
) ENGINE=InnoDB AUTO_INCREMENT=127 DEFAULT CHARSET=utf8 COLLATE=utf8_unicode_ci;
/*!40101 SET character_set_client = @saved_cs_client */;

--
-- Dumping data for table `products_photos`
--

LOCK TABLES `products_photos` WRITE;
/*!40000 ALTER TABLE `products_photos` DISABLE KEYS */;
INSERT INTO `products_photos` VALUES (121,161,'photos/OytgmNOw9u1nozJy7C5WFHGagur7IOeyaJcJWOTg.jpeg','it-pr','2017-10-13 06:22:17','2017-10-13 06:22:17','Фио1','краткое описание 1','Стадия 1','Наличие конкурентов 1','Предлог потребности 1','Преимущества 1','Возможные сферы 1','отличия от конкурентов 1','Название 1'),(122,162,'photos/n8Xwutd5bV9x7VD1XrtOTJ1dz527LbcCOfdW0Nes.jpeg','adap-pr','2017-10-13 06:27:32','2017-10-13 06:27:32','Фио2','краткое опис 2','стадия 2','конкуренты 2','потребности 2','преимущества 2','сферы 2','отличия 2','Проект 2'),(123,163,'photos/fTCLzbjfhQGAvo2LldfiCOHiQnkx9vBPuexvmTC3.jpeg','it-pr','2017-10-13 06:28:46','2017-10-13 06:28:46','фио 3','краткое опписание 3','стадия 3','наличия конкурентов 3','предпологаемая инвестиция','преимущества 3','сферы 3','отличия 3','название 3'),(124,164,'photos/fwYVz9TJumUnsIrZHfEEadCPHgCEr2QKRB9n8zbd.jpeg','finteh-pr','2017-10-13 06:31:34','2017-10-13 06:31:34','Фио 4','краткое 4','стадия 4','конкуренты 4','инвестиция 4','преимущества 4','сферы 4','отличия 4','название 4'),(125,165,'photos/lXtB3MBKbGYmuXO3YPKMUE7249Ntgrjzqyt8spqV.jpeg','um-pr','2017-10-13 09:23:13','2017-10-13 09:23:13','фио5','краткое 5','стадия 5','конкуренты 5','инвестиция 5',NULL,NULL,NULL,'проект 5'),(126,166,'photos/M8nfaKIptYOCbkQDDZS7yAcmAIlynYVcE6lub6Ft.jpeg','finteh-pr','2017-10-18 10:44:59','2017-10-18 10:44:59','Котиков Иван Владимировчи','налим бабло за 2%','уже','нет','1000000000000','наглость','повсеместно','наличие оружия','Рособналконсалт');
/*!40000 ALTER TABLE `products_photos` ENABLE KEYS */;
UNLOCK TABLES;

--
-- Table structure for table `roles`
--

DROP TABLE IF EXISTS `roles`;
/*!40101 SET @saved_cs_client     = @@character_set_client */;
/*!40101 SET character_set_client = utf8 */;
CREATE TABLE `roles` (
  `id` int(10) unsigned NOT NULL AUTO_INCREMENT,
  `name` varchar(191) COLLATE utf8mb4_unicode_ci NOT NULL,
  `display_name` varchar(191) COLLATE utf8mb4_unicode_ci NOT NULL,
  `created_at` timestamp NULL DEFAULT NULL,
  `updated_at` timestamp NULL DEFAULT NULL,
  PRIMARY KEY (`id`),
  UNIQUE KEY `roles_name_unique` (`name`)
) ENGINE=InnoDB AUTO_INCREMENT=3 DEFAULT CHARSET=utf8mb4 COLLATE=utf8mb4_unicode_ci;
/*!40101 SET character_set_client = @saved_cs_client */;

--
-- Dumping data for table `roles`
--

LOCK TABLES `roles` WRITE;
/*!40000 ALTER TABLE `roles` DISABLE KEYS */;
INSERT INTO `roles` VALUES (1,'admin','Administrator','2017-10-07 18:58:04','2017-10-07 18:58:04'),(2,'user','Normal User','2017-10-07 18:58:04','2017-10-07 18:58:04');
/*!40000 ALTER TABLE `roles` ENABLE KEYS */;
UNLOCK TABLES;

--
-- Table structure for table `seos`
--

DROP TABLE IF EXISTS `seos`;
/*!40101 SET @saved_cs_client     = @@character_set_client */;
/*!40101 SET character_set_client = utf8 */;
CREATE TABLE `seos` (
  `id` int(10) unsigned NOT NULL AUTO_INCREMENT,
  `title` text COLLATE utf8_unicode_ci,
  `description` text COLLATE utf8_unicode_ci,
  `created_at` timestamp NULL DEFAULT NULL,
  `updated_at` timestamp NULL DEFAULT NULL,
  PRIMARY KEY (`id`)
) ENGINE=InnoDB DEFAULT CHARSET=utf8 COLLATE=utf8_unicode_ci;
/*!40101 SET character_set_client = @saved_cs_client */;

--
-- Dumping data for table `seos`
--

LOCK TABLES `seos` WRITE;
/*!40000 ALTER TABLE `seos` DISABLE KEYS */;
/*!40000 ALTER TABLE `seos` ENABLE KEYS */;
UNLOCK TABLES;

--
-- Table structure for table `settings`
--

DROP TABLE IF EXISTS `settings`;
/*!40101 SET @saved_cs_client     = @@character_set_client */;
/*!40101 SET character_set_client = utf8 */;
CREATE TABLE `settings` (
  `id` int(10) unsigned NOT NULL AUTO_INCREMENT,
  `key` varchar(191) COLLATE utf8mb4_unicode_ci NOT NULL,
  `display_name` varchar(191) COLLATE utf8mb4_unicode_ci NOT NULL,
  `value` text COLLATE utf8mb4_unicode_ci NOT NULL,
  `details` text COLLATE utf8mb4_unicode_ci,
  `type` varchar(191) COLLATE utf8mb4_unicode_ci NOT NULL,
  `order` int(11) NOT NULL DEFAULT '1',
  `group` varchar(191) COLLATE utf8mb4_unicode_ci DEFAULT NULL,
  PRIMARY KEY (`id`),
  UNIQUE KEY `settings_key_unique` (`key`)
) ENGINE=InnoDB AUTO_INCREMENT=11 DEFAULT CHARSET=utf8mb4 COLLATE=utf8mb4_unicode_ci;
/*!40101 SET character_set_client = @saved_cs_client */;

--
-- Dumping data for table `settings`
--

LOCK TABLES `settings` WRITE;
/*!40000 ALTER TABLE `settings` DISABLE KEYS */;
INSERT INTO `settings` VALUES (1,'site.title','Site Title','Site Title','','text',1,'Site'),(2,'site.description','Site Description','Site Description','','text',2,'Site'),(3,'site.logo','Site Logo','','','image',3,'Site'),(4,'site.google_analytics_tracking_id','Google Analytics Tracking ID','','','text',4,'Site'),(5,'admin.bg_image','Admin Background Image','','','image',5,'Admin'),(6,'admin.title','Admin Title','Voyager','','text',1,'Admin'),(7,'admin.description','Admin Description','Welcome to Voyager. The Missing Admin for Laravel','','text',2,'Admin'),(8,'admin.loader','Admin Loader','','','image',3,'Admin'),(9,'admin.icon_image','Admin Icon Image','','','image',4,'Admin'),(10,'admin.google_analytics_client_id','Google Analytics Client ID (used for admin dashboard)','','','text',1,'Admin');
/*!40000 ALTER TABLE `settings` ENABLE KEYS */;
UNLOCK TABLES;

--
-- Table structure for table `translations`
--

DROP TABLE IF EXISTS `translations`;
/*!40101 SET @saved_cs_client     = @@character_set_client */;
/*!40101 SET character_set_client = utf8 */;
CREATE TABLE `translations` (
  `id` int(10) unsigned NOT NULL AUTO_INCREMENT,
  `table_name` varchar(191) COLLATE utf8mb4_unicode_ci NOT NULL,
  `column_name` varchar(191) COLLATE utf8mb4_unicode_ci NOT NULL,
  `foreign_key` int(10) unsigned NOT NULL,
  `locale` varchar(191) COLLATE utf8mb4_unicode_ci NOT NULL,
  `value` text COLLATE utf8mb4_unicode_ci NOT NULL,
  `created_at` timestamp NULL DEFAULT NULL,
  `updated_at` timestamp NULL DEFAULT NULL,
  PRIMARY KEY (`id`),
  UNIQUE KEY `translations_table_name_column_name_foreign_key_locale_unique` (`table_name`,`column_name`,`foreign_key`,`locale`)
) ENGINE=InnoDB AUTO_INCREMENT=31 DEFAULT CHARSET=utf8mb4 COLLATE=utf8mb4_unicode_ci;
/*!40101 SET character_set_client = @saved_cs_client */;

--
-- Dumping data for table `translations`
--

LOCK TABLES `translations` WRITE;
/*!40000 ALTER TABLE `translations` DISABLE KEYS */;
INSERT INTO `translations` VALUES (1,'data_types','display_name_singular',1,'pt','Post','2017-10-07 18:58:04','2017-10-07 18:58:04'),(2,'data_types','display_name_singular',2,'pt','Página','2017-10-07 18:58:04','2017-10-07 18:58:04'),(3,'data_types','display_name_singular',3,'pt','Utilizador','2017-10-07 18:58:04','2017-10-07 18:58:04'),(4,'data_types','display_name_singular',4,'pt','Categoria','2017-10-07 18:58:04','2017-10-07 18:58:04'),(5,'data_types','display_name_singular',5,'pt','Menu','2017-10-07 18:58:04','2017-10-07 18:58:04'),(6,'data_types','display_name_singular',6,'pt','Função','2017-10-07 18:58:04','2017-10-07 18:58:04'),(7,'data_types','display_name_plural',1,'pt','Posts','2017-10-07 18:58:04','2017-10-07 18:58:04'),(8,'data_types','display_name_plural',2,'pt','Páginas','2017-10-07 18:58:04','2017-10-07 18:58:04'),(9,'data_types','display_name_plural',3,'pt','Utilizadores','2017-10-07 18:58:04','2017-10-07 18:58:04'),(10,'data_types','display_name_plural',4,'pt','Categorias','2017-10-07 18:58:04','2017-10-07 18:58:04'),(11,'data_types','display_name_plural',5,'pt','Menus','2017-10-07 18:58:04','2017-10-07 18:58:04'),(12,'data_types','display_name_plural',6,'pt','Funções','2017-10-07 18:58:04','2017-10-07 18:58:04'),(13,'categories','slug',1,'pt','categoria-1','2017-10-07 18:58:04','2017-10-07 18:58:04'),(14,'categories','name',1,'pt','Categoria 1','2017-10-07 18:58:04','2017-10-07 18:58:04'),(15,'categories','slug',2,'pt','categoria-2','2017-10-07 18:58:04','2017-10-07 18:58:04'),(16,'categories','name',2,'pt','Categoria 2','2017-10-07 18:58:04','2017-10-07 18:58:04'),(17,'pages','title',1,'pt','Olá Mundo','2017-10-07 18:58:04','2017-10-07 18:58:04'),(18,'pages','slug',1,'pt','ola-mundo','2017-10-07 18:58:04','2017-10-07 18:58:04'),(19,'pages','body',1,'pt','<p>Olá Mundo. Scallywag grog swab Cat o\'nine tails scuttle rigging hardtack cable nipper Yellow Jack. Handsomely spirits knave lad killick landlubber or just lubber deadlights chantey pinnace crack Jennys tea cup. Provost long clothes black spot Yellow Jack bilged on her anchor league lateen sail case shot lee tackle.</p>\r\n<p>Ballast spirits fluke topmast me quarterdeck schooner landlubber or just lubber gabion belaying pin. Pinnace stern galleon starboard warp carouser to go on account dance the hempen jig jolly boat measured fer yer chains. Man-of-war fire in the hole nipperkin handsomely doubloon barkadeer Brethren of the Coast gibbet driver squiffy.</p>','2017-10-07 18:58:04','2017-10-07 18:58:04'),(20,'menu_items','title',1,'pt','Painel de Controle','2017-10-07 18:58:04','2017-10-07 18:58:04'),(21,'menu_items','title',2,'pt','Media','2017-10-07 18:58:04','2017-10-07 18:58:04'),(22,'menu_items','title',3,'pt','Publicações','2017-10-07 18:58:04','2017-10-07 18:58:04'),(23,'menu_items','title',4,'pt','Utilizadores','2017-10-07 18:58:04','2017-10-07 18:58:04'),(24,'menu_items','title',5,'pt','Categorias','2017-10-07 18:58:04','2017-10-07 18:58:04'),(25,'menu_items','title',6,'pt','Páginas','2017-10-07 18:58:04','2017-10-07 18:58:04'),(26,'menu_items','title',7,'pt','Funções','2017-10-07 18:58:04','2017-10-07 18:58:04'),(27,'menu_items','title',8,'pt','Ferramentas','2017-10-07 18:58:04','2017-10-07 18:58:04'),(28,'menu_items','title',9,'pt','Menus','2017-10-07 18:58:04','2017-10-07 18:58:04'),(29,'menu_items','title',10,'pt','Base de dados','2017-10-07 18:58:04','2017-10-07 18:58:04'),(30,'menu_items','title',13,'pt','Configurações','2017-10-07 18:58:04','2017-10-07 18:58:04');
/*!40000 ALTER TABLE `translations` ENABLE KEYS */;
UNLOCK TABLES;

--
-- Table structure for table `users`
--

DROP TABLE IF EXISTS `users`;
/*!40101 SET @saved_cs_client     = @@character_set_client */;
/*!40101 SET character_set_client = utf8 */;
CREATE TABLE `users` (
  `id` int(10) unsigned NOT NULL AUTO_INCREMENT,
  `role_id` int(11) DEFAULT NULL,
  `name` varchar(191) COLLATE utf8mb4_unicode_ci NOT NULL,
  `email` varchar(191) COLLATE utf8mb4_unicode_ci NOT NULL,
  `avatar` varchar(191) COLLATE utf8mb4_unicode_ci DEFAULT 'users/default.png',
  `password` varchar(191) COLLATE utf8mb4_unicode_ci NOT NULL,
  `remember_token` varchar(100) COLLATE utf8mb4_unicode_ci DEFAULT NULL,
  `created_at` timestamp NULL DEFAULT NULL,
  `updated_at` timestamp NULL DEFAULT NULL,
  PRIMARY KEY (`id`),
  UNIQUE KEY `users_email_unique` (`email`)
) ENGINE=InnoDB AUTO_INCREMENT=2 DEFAULT CHARSET=utf8mb4 COLLATE=utf8mb4_unicode_ci;
/*!40101 SET character_set_client = @saved_cs_client */;

--
-- Dumping data for table `users`
--

LOCK TABLES `users` WRITE;
/*!40000 ALTER TABLE `users` DISABLE KEYS */;
INSERT INTO `users` VALUES (1,1,'Admin','admin@admin.com','users/default.png','$2y$10$AQ4pnXxjUSzzglTvI8GHAetvXYSCkTRyZvjQE3ni.A1vvXyXLoSi.','isNSMSb5OePCCFlMMdkRm7OiIBdGWk7hhUSxJICUEAvdRaEPpSOa1krmGtQk','2017-10-07 18:58:04','2017-10-07 18:58:04');
/*!40000 ALTER TABLE `users` ENABLE KEYS */;
UNLOCK TABLES;

--
-- Table structure for table `videos`
--

DROP TABLE IF EXISTS `videos`;
/*!40101 SET @saved_cs_client     = @@character_set_client */;
/*!40101 SET character_set_client = utf8 */;
CREATE TABLE `videos` (
  `id` int(10) unsigned NOT NULL AUTO_INCREMENT,
  `video` text COLLATE utf8_unicode_ci,
  `created_at` timestamp NULL DEFAULT NULL,
  `updated_at` timestamp NULL DEFAULT NULL,
  `title` text COLLATE utf8_unicode_ci,
  `name` text COLLATE utf8_unicode_ci,
  PRIMARY KEY (`id`)
) ENGINE=InnoDB AUTO_INCREMENT=2 DEFAULT CHARSET=utf8 COLLATE=utf8_unicode_ci;
/*!40101 SET character_set_client = @saved_cs_client */;

--
-- Dumping data for table `videos`
--

LOCK TABLES `videos` WRITE;
/*!40000 ALTER TABLE `videos` DISABLE KEYS */;
INSERT INTO `videos` VALUES (1,'<p>Название нового видоса</p>\r\n<p><iframe src=\"https://www.youtube.com/embed/ScfJJHDjC1A\" width=\"100%\" height=\"300\" frameborder=\"0\" allowfullscreen=\"\"></iframe></p>\r\n<p>Название нового видоса</p>\r\n<p><iframe src=\"https://www.youtube.com/embed/ScfJJHDjC1A\" width=\"100%\" height=\"300\" frameborder=\"0\" allowfullscreen=\"\"></iframe></p>\r\n<p>Название нового видоса</p>\r\n<p><iframe src=\"https://www.youtube.com/embed/ScfJJHDjC1A\" width=\"100%\" height=\"300\" frameborder=\"0\" allowfullscreen=\"\"></iframe></p>','2017-10-13 01:53:00','2017-10-13 01:58:45','Новости','admin');
/*!40000 ALTER TABLE `videos` ENABLE KEYS */;
UNLOCK TABLES;
/*!40103 SET TIME_ZONE=@OLD_TIME_ZONE */;

/*!40101 SET SQL_MODE=@OLD_SQL_MODE */;
/*!40014 SET FOREIGN_KEY_CHECKS=@OLD_FOREIGN_KEY_CHECKS */;
/*!40014 SET UNIQUE_CHECKS=@OLD_UNIQUE_CHECKS */;
/*!40101 SET CHARACTER_SET_CLIENT=@OLD_CHARACTER_SET_CLIENT */;
/*!40101 SET CHARACTER_SET_RESULTS=@OLD_CHARACTER_SET_RESULTS */;
/*!40101 SET COLLATION_CONNECTION=@OLD_COLLATION_CONNECTION */;
/*!40111 SET SQL_NOTES=@OLD_SQL_NOTES */;

-- Dump completed on 2017-11-02 21:39:56
